ID,Description,Class
0,其實我本來就不太想活了每次和媽媽說完話我就開始辜狗自殺方法--,2
1,自己覺得不留戀這世界好像影響了身邊的人覺得我厭世規劃的流程還沒走到只能好好地留在這裡好好地吃藥睡覺上班一直循環醫生說也可以以我理想的辦法當目標但理想的目標太浪費錢了總有便宜又不影響其他人的辦法吧盡快獨立吧我覺得好累我覺得害怕那兩個字 聽到就想哭我不配 不要再喊了--,2
2,好像又要掉回去掉回去那個深不見底的地方要靠藥物靠傷害自己才能勉強繼續維持生活不過也還好大概只是最近比較掉下去一點罷了整體來說跟過去比起來還是不糟的不過最近的掉下去都是憤怒亢奮又無力發自內心的恨與絕望--,2
3,前幾天繳稅看到財政部軟體裡面配偶兩字就獃住一下不是無感...是會傷心的--------我總是寫一寫又刪但留言過的其實我不太會忘( 生活瑣事或職場上倒是偶爾健忘最近覺得我的命是網友救起來的雖然我怕痛，所以可能手腕沒傷痕，可是以前也是買過xx和ooo沒標雷所以就用代號帶過--------我覺得就像《好不浪漫》裡給我的感觸我的眼光總是追逐身邊好看的臉孔、期待他的關心或看見可是網路上實打實看到我內心的推文，才是一次一次把我從鬼門關門口拉回來的人起心動念都是罪，我已經動了無數次的念( 所以我確實不是假惺惺找關愛--------這篇是感謝吧最好的朋友都是同性，大家在工作來往也少我覺得我也需要異性朋友，不單是為了親密關係，就是友誼，但這件事是丟失的技能我現在覺得網路上靠著文字的連結雖然救過我的命，可是我也該自己伸出手，拉拉看看身邊有沒有朋友對，我現在先需要朋友本文好像沒有很陰天...分類是一個難題，每一次對我來說...--一個星期只有兩天開心沒關係兩天也很多了--,2
4,得思覺失調症非我所願幻聽一直臭罵我藥物副作用讓我肌肉沒力不能久站實在是無法工作了在家裡忍受父親的冷漠母親也對我頤指氣使　呼來喚去好想離家出走當流浪漢藥也不要吃了去流浪好了餓死了就算了--,2
5,她自己的情緒沒控制好，導致說出口的話傷到了我以致於我又發作的很想死一直說出這樣類似的話就是要她走著瞧，看會不會真的發生在恐嚇她要她見棺材她說她自己也不好過，不知為何會這樣妳不好受是妳自己造成的又不是我的錯而我會變成這樣都是你們父母害的看我這樣起笑，說對不起有屁用嗎事情一而再的發生，到底要折磨我幾次為何自己的人生這樣悲慘為何有人可以幸福真的很想死，只是從沒做過--,2
6,恨自己軟弱恨自己對於自己選擇的日常感覺到痛苦。明明沒有對方的生活並不會過得不好明明心裡演練過千百次都不覺困難為什麼被放下的恐懼來襲時卻不堪一擊分手這句話我無法再輕易說出口為什麼明明不是無法不放棄卻無法承受對方放棄自己的可能恨自己為什麼一旦失去一個人就想放棄人生恨這段關係糾纏的本質我們是同樣的人 只是站在陰陽兩極想離開 卻怕離開了想放棄不離開 害怕越是投入未來失去打擊更大人總是為著某些想要的東西才做現下的選擇沒有誰是受害者但這一局沒有出口只有全是死路的終局喜歡work from home因為能一邊工作一邊哭泣--如果能放棄可能也不錯就像如果吃了會拉肚子 但是不想吃跟很想吃的差別我太喜歡談戀愛 X'DD似乎會是很長的暫時(抱)sorry that you were going through this.祝福你一切都會慢慢好起來謝謝謝謝 堡大也是,2
7,我怎麼打陳述以前的文章又在捷運上打到哭啊我是垃圾吧無藥可救的垃圾那些試圖拯救我的人都只是還沒意識到我真的是個垃圾放棄拯救不過是遲早的事--,2
8,習慣了。現在漸漸地變成了一個常態只是後續要處理好自己還是人類部分的情感需求要漸漸地漸漸地習慣讓這部分死去直到我完全的成為了活屍我就成功了對她人最安全的做法就是我完全的不在對方的世界裏我也完全的不說話認識一個人。馬上把她刪好友是對對方最好的做法也是對我最好的做法沒有接觸。沒有期待 沒有傷害快樂是別人的 我什麼都沒有如果＊我＊的這概念也消失了那我就連這段話都感覺不到了這是我的目標成為一具屍體。也不知道賺錢做什麼我覺得世界是一座巨大的墳墓一切都在腐爛我是具有溫度的屍體感覺可以死了。可是又好像跟死了差不多說出這句話竟有種矛盾的感覺反正也離死不遠了--,2
9,昨晚跟男友吵架腦中飄出三種不同的死法房間一片黑，意識裡卻出現了彩虹色的泡影圓潤、柔軟，卻脆弱不堪突然想起了海邊在墾丁的沙岸，海水沖上岸會出現細細小小的泡沫總是可以很浪漫的說那是愛人的泡影就像小美人魚的故事一樣只是故事中的美人魚並不是我，也不像我就只是泡影而已———我的ig康復日誌po_ya_chan--,2
10,待業了將近一年，存款幾乎見底的情況下很快就到這個公司，雖然看過網評很差，但是礙於需要生活還是去報到了，現實也真如評價是間糟糕的公司，撐了7個月，結果身體跟心理開始出現比以前更多毛病，不斷花錢看醫生，諮商也好貴，結果就這樣陷入另一個金錢的壓力到底該不該離職，每天早上醒來連睜開眼都覺得痛苦，只要那天的早上發現自己真的沒辦法面對上班，就會請假，結果請假的比例高到被主管懷疑在找新工作，還一直被酸但是現在的心理狀態我可能也沒辦法換一間自己內心所期望的公司，畢竟覺得自己就是個廢物的存在，沒有專長也不討喜，沒有需要存在於這個世上的價值,2
11,我的心是一座城外面的人進不來，我的自由飛不出去我的桎梏是外在眼光、憂鬱、社恐，或沒錢的恐懼？看著古人的悲劇黯然雖是戲劇杜撰，卻給我看清自己的靈感，我也活到某一天，就消失吧，跟自己許下約定--,2
12,最近深切的感受，每天活著都是苟活，每天活著都是折磨這陣子跟男友吵架吵的兇，彼此狀態都不好，男友用「逃離」形容我跟這個家，我有點羞愧的無地自容，我知道我們之間窮的剩愛，我真的好想死為了不去死，時隔一個月碰了珍藏的安眠藥，吃了三顆悠若丁睡了五小時，起來便開始哭，哭著打蛋炒青菜，淚水是鹹的，眼淚帶走臉上的粉底，滴在流理台上憂鬱者的失能，沒辦法起身、出門、睡覺。更不用說讀書了，今天打給爸爸說我睡不著，是求救，爸爸只淡淡的說，去讀書吧，法律系的書很無聊，很快就能睡著了。我不知道該做什麼，每一步都像如履薄冰、步步為營，卻又都走錯路，我真的好爛好糟糕，是爛女友、爛女兒、爛學生__我的ig康復日誌po_ya_chan--,2
13,這兩個多月下來 光鋼彈的支出 就破萬了買模型 買鋼彈 買各種要用到的東西買扭蛋 買蠟筆小新盒玩 我好爛我用爸媽給我的生活費拿去花在一點屁用也沒有的玩具上我好可悲 明明生在富裕的家庭 父母對我沒有一絲期待永遠照顧著我 我到底憑什麼的憂鬱症阿 憑什麼我會有自x傾向 我簡直不知足到了幾點我讓人作噁--,2
14,帶了很多藥來就是因為怕這樣的時刻又出現這才是真正的逢魔時刻吧想自我毀滅盡量躺著保持安靜再撐幾天就回家了沒事的--,2
15,親人前幾日壽終正寢，沒辦法跟著唸完佛經 總覺得自己會下地獄。只要不相信有什麼，就不會去到什麼，就不怕了。吃了安眠藥後總是喪失好多記憶。女朋友說被我嚇到得了PTSD，因為半夜總是有電話另一頭傳來的自殺與失控，他說這是情緒勒索，我說這是求救訊號。願意承接每一次求救訊號的摯友也在鬱期，誰都不敢打擾，不敢開口向只會要我別做傻事的家人說，擔心通報而不敢在諮商時認真地說。她說會一直陪在我身邊，只要我不要再告訴她我想自殺，另一個她也說會，但漏接了電話，現在回了訊息，我也不敢將自己的陰暗告訴給她。家裡一個月處理兩次喪禮會太累吧。為什麼我不能快樂，不能自私嗎，大家都分享著自己辛苦撐來的經驗，我就不能被淘汰嗎。幾天沒睡了，我是誰，你是誰，愛是什麼。是不是註定沒有辦法相信自己被愛。是不是註定一定活不過。,2
16,我今天去參加了身障特考。明明是好消息，可是卻不敢和大家講，害怕在臉書上po文最後卻沒有考上，更害怕自己的文沒有人看到，只是我一個人自顧自地對著虛空吶喊。考上了也擔心，考不上也擔心，為了今天的考試，我已經瘋癲了半個月，晚上想睡也睡不著，陸陸續續吃了十顆藥，就只是為了要睡覺。希望今天以後會好吧，不好的想法又出來了，如果我真的做了，我會對自己很失望。可是偏偏這種事情，我還有備案ABC。--,2
17,本身很討厭下雨，除了騎車很不方便外覺得雨聲非常吵...前幾天還被吵到晚上睡不著覺(森77加上討厭的經前症候群這整周狀況都很差、久違地又開始吃鎮定劑然後很想登出人生......總之就是糟透了。累積了一個禮拜的痛苦就這樣在昨天晚上爆炸了，雖然男友都說不開心、有事要打給他，但就很不想讓他看到自己這樣吧...每次哭都很想躲起來QQ傳訊息給他說我狀況不好要先睡不視訊了，但半小時後還是很不爭氣地打了電話給他、約好今天早上要吃早餐之後他就主動打FaceTime過來了，很認真地安撫哭到鼻子紅紅的我qqqqq每次這樣就覺得我到底何德何能可以遇到這麼包容我的他(醜哭)還會在我每次自我否定的時候罵醒我、告訴我事情不是那樣的、見面的時候拍拍我的頭對我笑QQ剛剛一起吃早餐的時候看著坐在對面的他就覺得，恩還想跟他一起吃好多好多餐喔!還想一起吃很多薯條跟喝很多紅茶、也還想摸摸他的臉和頭髮、想看看他變老的樣子......各種小劇場之後馬上不知道自己這周每天都很想死是在幹嘛...我怎麼可以讓他難過@@我還要活著跟他走一輩子阿阿阿阿!!!/好扯了一堆只希望這篇留在P板、下次又狀況不好的時候回來看看，提醒自己要好好活著!也希望大家都好好的!謝謝看完這篇的每個你:)--,1
18,不知道應該怎麼分類所以用閒聊-------今天下班時因為雨天，被同事送回家了我原本要淋雨回家，反正我習慣了最近我琳雨很多次了盡全力照顧自己總有疏漏，顧牙齒偏頭痛就顧不得雨衣了-------車程中為了談天，或只是分享，同事跟我分享a想跳樓自殺我不意外，原因是家貧啊！a也是職場會碰到的人，我們都認識a-------出於正義，我以前多次幫過a被其他同事流言攻擊過被其他同事反欺凌過我還是幫a同事無意中說的這一句讓我想起過往我確實和a有相同希望，今天這篇文不是討論我-------只是覺得巧合a的希望和昨天早上我的希望一樣不同的家庭，不同的境遇，不同的體能......唯一相同只有家境吧沒跟這一位同事討論過死亡的我竟在他口中聽到a想尋死的消息世界上不是只有我一人在受苦上面這件事理性上可知，感性上卻常覺得自己是孤身一人的受苦狀態--一個星期只有兩天開心沒關係兩天也很多了--,1
19,群組裡面都是很負面的話受不了就不要加入下輩子再見也可以說不定會好--,1
20,騎車經過夜市街，覺得能當個健康的人真好。以前因為教育總想著有一番成就，但現在我只想當一個沒有憂鬱症的平凡人就好。從我有記憶以來就一直設下不切實際的目標，國高中滿腦想的是當物理學家，先不說我有沒有那個頭腦，在台灣當物理學家機率可以是超低，因為台灣根本沒有那個環境，物理系讀到最後，最強也是去當高級兔子。要當兔子還不如大學就專門設個兔子系，然後通識課就多學一些能適應兔子生活的課，還有多運動把肝練得超強。大學填遍所有物理系，結果都沒上，去機械系。發現自己數學在國中就被數學班導弄壞了。機械系因家變沒讀完，結果去做學徒，修理製冰機之類的。現在當工廠設備維修員。中間都沒想過去做別行。去職訓兩次發現跟業界還是有落差，那個CP值真的是不值。現在37有點年紀了，覺得自己真的是一條路走到黑。其實祖輩是賣純芋頭冰的，真的芋頭下去做的。可惜父母被傳直銷帶歪，沒接著做就算了，在景氣好的年代好好工作，家裡也不會這麼慘。我或許還有別的出路。覺得自己的命運真的很乖舛，人生大部份時間都被浪費。弄到現在覺得人生一團亂。不知道我有沒有突破命運的機會，現在重鬱發作，腦子受影響，不知道能不能熬過去。只能說我不是沒努力過。之後還是會努力吧，只是不知道能再走多遠。,1
21,啊 明明外面是陽光普照明明運動了明明早睡早起了明明很努力往正面想明明深呼吸了明明刻意放鬆了明明試圖轉移注意力了明明告訴自已接納、再接納了明明在內心向太一無限造物主祈求了明明是這樣我卻還是忍不住在醫生宣告剩下的日子裡倒數計時所剩不多的歲月中一心一意祈盼那天的到來內心深處有種「啊！太好了！」的鬆一口氣我無法想像半世紀的我於是乎我回過頭安慰自已我很努力了努力數十年了我試了但那與生俱來的悲傷我就是不夠堅強也無限負面輪迴看著這樣的自已在某種平行時空中我深深了解我已重來無數次可是那毫無希望的毫無期待的日復一日沒有興奮與喜悅有的只是永遠在還在擔在撐我常常沒有聚焦 不夠聚焦在架構一雖然我以為我應該更集中於當下好好入戲但我想我是不夠認真還是太認真？「這世界如此龐大」我望著最高的樓喘不過氣來「此間太過巨大」龐然大物緊接而來每一天我都納悶為何從夢實相醒來？原諒我對不起分數評價看法結果證明累積福利這一切對我來說不再重要了在那襲捲而來的絕望霧霾裡你要你拿去吧你留著用吧我就是忍不住對不起這世間對我很好可是我還是忍不住深深陷入無法自拔的地獄深淵裡--,1
22,怎麼還是這麼虛弱？有時候覺得自己好多了，試著觸地生活的時候又發現不行，還是好虛弱，沒有辦法承受更多的情緒。是不是每次陷入憂鬱的時候的我，也是那麼令人厭煩呢？我不想變成這種討人厭的樣子，可是好像已經是這樣了。我討厭這樣的自己。有時候會忍不住露出傷口，應該沒關係吧？可是得到的都是驚訝、驚嚇、同情。我知道就是一個傷，可以接受別人的不完美，為什麼不能接受自己的傷呢？但就是很難過再也沒辦法回到完好無損的自己了。不管是外表或心靈都殘缺的厲害。令人生厭的自己。想要離開。有人問是要離開哪裡？我說，台灣或這個世界吧。想起Clover裡面有這樣的台詞不斷的重複著。“帶我走，到不是這裡的地方”真的好想離開呀！找出了完整的詩句： CLOVER我想得到幸福我想得到幸福想和你一起得到幸福我想成為你的『幸福』所以請帶我走到遙遠的地方到不是『這裡』的地方請帶我走解不開的魔法沒有終止的熱吻無法清醒的夢境永不消失的幸福請帶我走我想得到幸福鳥兒們在歌唱那是我不懂得語言之歌即使擁有翅膀也無法飛向天空那是獨自一人無法到達的地方所以請帶我走到不是『這裡』的地方溽溼的翅膀相互交纏的手指融化的軀體重疊相映的心請帶我走我想得到幸福比起你的『過去』我更想得到你的『現在』將那細如絲線的未來用雙手逐漸拉近請帶我走我想得到幸福我想得到幸福我想得到幸福想和你一起得到幸福我想成為你的幸福請帶我走到不是『這裡』的地方請帶我走龍中之鳥無法飛翔的鳥不能哭泣的鳥孤獨的鳥所以 請帶我走我想得到幸福只是和你在一起 我便幸福只要你微笑 我便幸福所以 請帶我走到不是『這裡』的地方請帶我走我想得到幸福這是我最初的思慕最後的願望這裡是妖精在等待著的只有兩人的約定之地所以 請帶我走讓我能忘卻現實讓我能長留於夢幻之中讓我能一直思慕著你請帶我走我想得到幸福所以帶我走，到不是這裡的地方。我在等你來見我，然後帶我走，到不是這裡的地方。--,1
23,忍不住回想過去那段時間，在辦公室工作到一半， 情緒很不穩定。那個時候醫生會幫我打一劑鎮定劑，然後，就會回到辦公室繼續上班完成剩下五六個小時的工作。最近那種撐不下去的感覺又漸漸地回來了，在心裡面想了無數的備案，每個小時都補充一顆抗焦慮的藥，雖然不喜歡這樣但是只有這樣才能好好運作身邊的人並不知道這一些背後的秘密，我想我掩飾的很好。但是最近靈魂的痛苦和絕望越來越強大，我很害怕自己沒有辦法面對這一切。人生好苦又好累，很希望能夠趕快結束這一切。其實當一個人並不是一件好事，尤其是像我這樣一個有缺陷的人。好想趕快結束這一切活的短暫並不是一件可怕的事可怕的是，這一切好像沒有盡頭。你不知道的是要走到什麼時候才能好好的休息。,1
24,一顆都沒有抽屜、包包，每一個格子我都翻遍了，一顆都沒有..窒息的快要死掉..以後要記得補貨..--><不會..因為焦慮太嚴重，吃了會讓我鎮定下來..如果沒吃的話會像被掐住脖子一樣，不能呼吸不能說話，這個症狀有個名字叫做“喉球症”..像被塞了一顆球在喉嚨裡般窒息..說真的..我不知道..今天3點到6：20，連續三場會議，又沒有藥可以吃，結束之後我只想逃，我覺得自己真的快要窒息而亡了..,1
25,沒有答案死後是沒有答案的親友們深信家人A上了天堂相關資料是瀕死經驗但有趣的是每個人看到的天堂又不一樣今天看一本講死前現象的書提到瀕死經驗與靈肉分離感可能是死前生理上產生類似做夢的狀況沒有天堂地獄沒有來生死後也不再有生前記憶遲早也是會知道的--,1
26,現在的我是快要腐爛的空殼原地打轉的魂魄你會知道嗎不會的狠狠的丟棄了原來我才是驢已經無法深究哪一句話才是真實一開口就會推託的你彷彿可以聽到聲音但不會再聽到了我的死活也傳不到你耳裡我只不過是你過去的幽靈阻擋你前去的腐敗包袱你有了新的所以推開了我推向未知包裹著你的欺騙你的可怕以前的時間什麼都沒留下剩下灰燼是你一把火燒了連同我的快樂----Sent from on my ASUS_Z01KD--太好了qwq，抱抱你,1
27,憂鬱日常雷一 早晨坐在床上，幻想自己怎麼結束（登出）二 不想醒轉，從來不是賴床，而是人間的惡性，人世的流言用誤解，讓我寧願睡著三 幻想上天劈死自己，在無法以物理方式讓我登出的前提下，只能想想四 沒做傷害自己的事，真實動了無數上海自己的念五 我沒了交往的念想，依賴身邊把自己當成提款機的人，因為生活圈只有他們何時結束，我平靜的問空氣（翻譯成古文，就是問蒼天）。--超好笑你讓我笑了原來如此我以前想過這一種,1
28,朋友是躁鬱症患者在三月時自殺未遂，安眠藥吞藥出院後每天的狀況都非常不穩定，開始出現癲癇，醫生說或許和吞藥有關（要再檢查才知道）情緒一下穩定過一下又崩潰，有時情緒很偏激整體而言情況比三月前更糟糕我的情緒也到達一個緊繃最高點，有時約好隔天陪她看診、或出去玩放鬆，最後隔天就是一句不想出門(非常低潮)知道不舒服，最後還是讓她回家睡覺，不再勉強她知道她生病了，陪在她身邊也一陣子只看到她一直往下，停在最谷底的地方不求她好起來，只希望她能逐漸步上穩定的軌道有在診所固定看診拿藥，上禮拜剛換藥，不過情緒還是很不穩定而我最近開始會莫名想哭做兩份工作，讓自己忙到爆炸也可以暫時遺忘無解難題工作壓力都還可以掌握不過回家放鬆後就會開始痛哭，不停思考為什麼那麼努力還是兩天一次的超憂鬱電話不知道怎麼撐下去，好累好累我也好想休息、好想要一個溫暖的照顧啊......這半年一直告訴自己撐下去、會好轉的不過現在我真的好累啊......知道她生病的朋友全都默默的，對病人來說就是一種莫大傷害了啊......沒有人願意一起幫忙能順便幫我推薦的雙北醫院或醫生嗎？想再嘗試一個新醫生，感謝這邊讓我發洩....--,1
29,一年了我還是不行出不去覺得快要爆炸了也覺得快要萎縮了不知道怎麼表達說的話也好零碎覺得自己好零碎覺得自己不在這裡可是還是感覺到痛苦心臟被壓縮頭好痛又開始恐慌發抖好想哇哇大哭可是不能被聽到被聽到的話會被強迫要快點好好不起來為什麼到最後還是要對我說謊為什麼要說那些很可怕的話為什麼我出不去好想解脫我不想再想到了----Sent from on my ASUS_Z01KD--抱抱你抱抱q口q抱抱抱有q口q，家裡隔音差，或是我枕頭不紮實嗚嗚,1
30,之前發過一篇先吃柔拍後改成悠樂丁的文章昨天回診時跟醫師反應悠樂丁要比較久才能入睡目前把藥物改成：柔拍半顆 （對我的優點：很快入睡，缺點：會凌晨醒來，後改吃悠樂丁）悠樂丁半顆 （對我的優點：睡比較久且睡飽，缺點：要1-2hr才能入睡）德利能一顆 （減少淺眠）昨天大約12:20吃藥，12:45開始有柔拍的反應，1點躺床但是今天5:30am又突然醒來一次柔拍是短效安眠藥我理解，只是我也同時吃了悠樂丁，凌晨卻還是醒來請問有人吃柔拍也是一樣情況嗎？我該怎麼調整藥物或是柔拍劑量呢？另外這一週又開始做夢昨晚甚至還做了噩夢，醒來眼睛是哭的，流了好多眼淚醫師說做夢很正常，是淺眠期的正常反應，不可能完全不做夢有沒有做夢方面的治療經驗呢？我以前是每天必做夢，醒來都會記得夢境，導致睡醒頭腦還是累的吃安眠藥後，頭腦至少有睡飽的感覺了只是這陣子又開始記得夢境了，好想不記得夢境般地熟睡到天亮啊～～～--,1
31,不只一次夢見自己過著不一樣的人生。同樣是我，同樣的親人，卻在不一樣的時空裡過著不一樣的生活。前幾天我在組裝床板時弄傷了奶奶的腿。又幾天前我試圖鑽進容不下我的房子，那房子像芭比娃娃的房子一樣小，座落在路旁野草間，我用盡各種方法想要進去。昨天，我們舉家賞月，卻不見月圓。我一陣狂笑，撲下高臺，重摔在離地幾尺的地面。然後滿臉鮮血地爬回臺上，抓住母親，將她也一併推下。然後嚇醒了。聽說夢境可能是平行時空的其他人生。好像因為憂鬱症，還是藥物的緣故，我離那些人生好像近了許多。她們都不好過呢。原來不只我，那無數個我，都一樣不好過。--,1
32,今天煮完晚餐等爸回來我叫了聲 爸爸撇頭過去沒理我我的臉好像被打了無數個巴掌得病的我該如何活下去？來自家人的冷漠真的好傷人...--剛剛試著跟主耶穌禱告了...得精神疾病非我所願...聖經說：愛能遮掩一切過錯。我願意原諒我的父親...感謝各位病友大大的回應 orz,0
33,大醫院都有附健保的心理師前提是你要先掛精神科/身心科請該醫生幫你排心理師但不得不說這很難排我記得我之前去排 護理師跟我說 目前快要排到的人 都是一年前就登記的人因為當時很需要諮商醫生有另外開轉介單給我可以到聯合醫院社區心理諮商門診因為有醫生的轉介單只要付掛號費50元但如果沒有轉介單 記得是要付250元這個診療時間只有半小時我去過兩次 老實說覺得沒有很好雖然超級便宜我遇到的心理師是個有白頭髮的老大叔沒有很專心聽你說話 有點應付了事我有瞄到他一邊聽我講話 一邊還在寫上一個個案的記錄講一些對我來講是幹話的東西感覺他們是收了很多個案然後很厭世的做這份工作後來還是去自費一小1800的諮商環境 / 態度 / 專業度感受整個不一樣如果很考慮價格的話有些諮商中心會有實習心理師 一小時600-800我都看過也可以詢問看看--,0
34,今天心情又更down了，真的很希望自己是個正常人，有好的人際關係。但不知道從什麼時候開始，有人際障礙，交不到朋友。唯一的好麻吉也很久沒聯絡了。諮商師曾經討論到亞斯，但其實我是可以感覺別人的情感，只是始終感覺自己跟別人像異類，就好像外表是人類但內心好像缺了什麼。,0
35,潰瘍的地方真的很痛昨天要醫生幫我擦藥結果他只擦了口內膏啃...口內膏我也有啊我想擦超刺激的那種（哪種？凌晨又被潰瘍痛醒,0
36,很忙很忙的一天，把時間填滿，但是停下來的瞬間卻是如此空洞，令人受不了的虛無。和很多人說了很多話，好像很好，但是到底在說什麼呢？哪裡來那麼多廢話？而真實的自己，只要露出來一點點，就忍不住想哭。跟閨蜜聊了很多，其實我知道的，就是不要看著眼前的悲傷，知道但是做不到，我也不過想度過這段漫長的反噬，怎麼樣都好，只要可以活著，其他的都沒有活著重要。世界上的幸福快樂太少，我只是病態的，看著那個虛幻的世界，憧憬著，那些永遠不會屬於我的。也許我看起來就是這樣的瘋狂，才讓他們擔心，可是這個世界就是這樣，沒有什麼是真正可以掌握的，擁有的，都只是鏡花水月，所以，什麼他媽的理智線這種東西跟本不需要存在，我只想要任性的，喜歡我想喜歡的人，討厭我想討厭的人，再活下去一天。在這樣充滿雜訊的時刻，腦海中閃過的是，孩子們的笑臉，和他漆黑的眼睛。我喜歡澄澈的眼睛，很可愛很青春，但是那種深不見底的神色，更深深的吸引我。很快的畫完，腦袋暫時安靜了。--,0
37,我是個沒什麼生活的人人生活著固然索然乏味，爸爸媽媽也沒有為我培養什麼興趣，我也發覺不出來，可能唯一的興趣就是美妝吧？人生的全部是捲捲此刻的我終於認清現實了，明晚我將是孤身一人.——我的ig但沒有康復的日誌po_ya_chan--,0
38,昨天忍不住去請醫生開了沒用過的安眠藥醫生給了一個新的當眠多跟一陣子沒吃的優樂丁結果還是難入睡還是一直醒來我到底是哪裡出了問題......--,0
39,到考場了這個試場人比較少帶了桌上型電風扇今天超熱的嗚嗚再來抱一下佛腳這次有限制陪考人所以考場人不多爽,0
40,數不清這是第幾次夢裡對著家人說他曾經強姦我不同的是隱約有個家人相信了最後姑姑邊抱著我說怎麼都不說我哭著喊著 沒有人相信我沒有人相信我--,0
41,裝置藝術靈感源自舞蹈與戲劇領域將軀體以蜷伏姿態置入於兩層豎立的PVC膜，並留有一條呼吸管作為僅存的維生器具，我自由想像成人類最原始的孕育之地。創作成果在抽離空氣直至趨於真空以後，參與者包裹於中將感受到扎實的承接，同時無以動彈。表達當所有支撐都被撤離，生命便會失去動力。--,0
42,昨夜妳換了新眼鏡開啟了你與我的對話視窗不知為何面對你總能打出半開玩笑的字句即使是早已冷漠的心而此刻浮現著過去的自己以及妳的交集想起了為了想表達掩藏著的心意去研究摩斯密碼、旗號還是該去閱覽群書用故事隱含的寓意去表達呢還是用公式去證明呢然而去研究這些的我是笨蛋還是聰明我也搞不懂了不知道這些暗示是否能傳到妳的心房欸 還記得嗎你跑來跟我說請我讓出繁星計畫的選擇權我爽快的答應還記得嗎之前側夜未眠的聊天紀錄妳到底是怎樣的存在妳的晚安 早點休息讓佈滿烏雲的深夜重現著星光妳與我的對話卻又像雨一樣讓我惆悵卻又帶來滋潤在妳的心門面前我沒有鑰匙也不敢貿然撬開彼時彼刻的我才發現妳是那引領我的北極星而我與你的距離不知道有幾光年可惡讓我早已對世界冷漠的心引起了星火可惡到底是淚水還是雨水停滯在我的眼裡可惡如今騙體麟傷的我還是好喜歡你可以傳達到嗎如果可以的那就太好了如果可以可不可以讓這個對話窗的的訊息延續下去...--,0
43,例如說，被別人誣陷了，但想到自己的確在其他部分有做不好的地方。面對指責時實在無力反駁又覺得委屈、孤單、不被理解。然後陷入不停檢討自己的迴圈，往心裡越挖越深，即使事情結束了、離開那環境了、時間過很久了，還是常常冷不防的浮現於腦海。難道一輩子都要這樣過。過分的人還是一樣橫行、其他的人也都忘了吧。之前曾在幼稚園工作。由於我經驗較少，上面派一個非常資深的跟我配合。結果就是我太傻太天真什麼都跟她說，後來才知道她在背後扭曲我講的話傳出去，把我自責自己沒做好的部分當作罪狀傳給跟他要好的主管。但我真的有做不好的地方...太菜了很多事都在預料外，我真的很努力了，但能力不足，後期也不知道跟誰求助，畢竟我的助教根本是來弄我的。有一次別班的老師來我們班當著孩子的面跟我助教閒話一個孩子的家庭、甚至笑笑的直接對他說，反正你媽媽就是那種晚上上班的嘛，對不對？我真的好生氣，但我能怎樣？我很擔心那個孩子，但我也沒有能力讓他更好阿....班親會時他爸媽第一次一起出現來跟我談孩子的事，我很感動，結果家長一走其他老師都來問八卦。有沒有道德有沒有羞恥心？？？即使這樣，他們看起來就是做得很好的幼教師，我的自我懷疑只讓自己狀況更差...甚至因為園內派系鬥爭，一邊不讓我走、一邊想盡辦法弄我走。真的好痛苦。已經過了幾年，我還是一直想起當時的各種狀況，覺得委屈、生氣，但更多的是自責和罪惡，想到每個小孩，就覺得我當時是不是害了他們很多...他們的成長被我耽誤了多少？越想越傷心，覺得對不起他們。可惡的是那些無良的老師佔據校園，孩子交給他們真的好嗎。這類的事情就一點也不奇怪的在都市的貴族雙語幼兒園一再發生。真心希望那些孩子們都平安健康的長大、且把我忘得一乾二淨。也許我會覺得好過一些。回憶隨便翻一翻，這樣的情緒好多。難道一輩子就要這樣過。--,0
44,當別人提出要求總會有意識甚至無意識的做出回應如果是一些工作 租賃相關的契約也不敢討價還價全吃下去 再懷疑自己吃虧很討厭這樣久了沒有感覺到自我保護的能力沒有安全感好不容易忍到稍微出聲爭取修飾語氣 甚至表情符號緩合內容也好討厭這樣的修飾好像想表達 又同時隱藏然後傳完覺得很抖 臉皮發熱對方都還沒回應就要不斷安撫自己默唸不要當好人不要當好人放下不小氣 不計較的包袱常常訊息傳出去 不敢看回應也很怕表面客氣來客氣去要打破和平的時刻其實真的不在意這些人啊可是卻「害怕」被討厭很像害怕蟑螂一樣明明理智知道沒傷害性可是不敢去觸碰 有磨擦就算是很少交集的沒興趣建立什麼關係的像是房東 同事 甚至路人總覺得自己只要和人類互動就會有意無意的討好對方多餘的禮貌 完全的避開衝突習慣性的笑容最後只能討厭自己（？？？很想知道可以不在乎的人是什麼感覺？很羨慕那種冷靜的表明不同意見畫好界線的人看到插隊直接制止的人直接發脾氣和在路上大哭的人直接發脾氣和在路上大哭的人或像是最近滑到網紅在店門口摔飲料老闆第一時間能把杯子撿起來再塞回對方包包很羨慕--,0
45,好想去看王醫師可是要上班嗚嗚嗚嗚好想念他啊～～～我想請假去卻很猶豫嗚嗚嗚嗚我想去啦,0
46,今天忘記帶手機了但是沒有PTT的人生好難過XDDD於是已經好幾年沒有用電腦上過PTT的我，想盡辦法成功從公司上PTT了!!!真是可喜可賀~~沒有P版的上班日好漫長阿....--,0
47,莫名快暴怒傳了生氣的訊息過去你只不帶情緒堅定和緩的指出我的行為風暴就忽然停了大概就像對待哭鬧的小孩一樣覺得你真的就是很懂得如何應付不同的人現在這方式我並不舒服但能達到你要的效果和目的停止無謂鬧彆扭的同時還讓我做出從來不肯做的改變的承諾。只是還是覺得傷心就是需要學習自己的負面情緒不是永遠是對方的責任。...聊的過程裡才想明白為什麼自己沒有很喜歡跟朋友分享生活上的一些事原來還是價值觀的問題有些明知會不舒服的領域不要踏入更能維持情誼(幸好這裡沒有同樣的顧慮)the mentality of automatically relate matetials to certain labels irritate me無論是正面或負面就算是認同稱讚之意我也不喜歡覺得浪費覺得羨慕覺得嫉妒覺得地位覺得揮霍全都只是人自己心裡賦予反映出的物質對你的意義其實不過純粹個人選擇罷了芒果還是鳳梨 只有不一樣沒有什麼吃芒果比較高級或吃芒果就比較寒酸還是吃鳳梨很厲害或吃鳳梨很遜吃了芒果就是炫耀等等等等別人吃鳳梨還是芒果你的人生實際擁有的東西有因為這樣變少還是變多嗎唯一彰顯的只有自己投射反映出面對金錢物質的面目而已物質對我來說就只是物質吃的拿來吃穿的拿來感受拿來看只有過程中獲得的感受體會才是自己的曾經j來家裡覺得客廳沒有家具電視過得好辛苦他不可能明白為什麼有人沒有電視沙發卻要花5位數買素色床單但客廳對我來說從來都不是舒服的空間只是戰爭場域所以到底幹嘛要花錢在根本不想用的東西上 (當然有客人的時候比較方便 但這顯見在心裡我並沒有把訪客當成生活常態)....反覆被對方抱怨完全不分享生活不分享關於自己的事不知道我做了什麼在想什麼承諾的本日分享1. 還是好喜歡白床單 <32. 才剛換完新的白色床單就突然一陣大風把窗簾掀起來打翻桌上的飲料了 噴到床單跟床墊上了 也流到抽屜裡花了好幾個小時把抽屜跟裡面的東西全部拿出來洗過擦過洗床單 清床墊 吹風機吹了好幾個小時嗚嗚嗚這是什麼鳥運氣3.真的很討厭重複老闆一直跳針update我同事進度 連他快好了都要update叫我收到要記得看我說好 好 好同事寄給我跟我說寄來 我說ok我現在去看老闆又跑來說同事已經傳給你了我說我都已經跟他講過我正在看!!!!(要是當面的話就會聽到我超級不耐煩的語氣)明明就有在跟同事對話才知道他有傳給我到底是幹嘛就只是傳個檔案同樣的事要兩個人重複講神煩ㄧ·白色超棒 但是好難維持,0
48,把家裡燈都關了躺在床上，瞪著天花板，鬧鐘想著明天的流程：早上6點起床、寫好對位法作業自己扛著器材出門、買樂手評審的飲料餐點到了學校得搬椅子、譜架…等等事前準備想到這裡，我發現，自己還真的是個孤獨的人包覆在黑暗之中，大字型的躺在床上「算了，不過是個音樂會」睡吧--,0
49,"昨晚吃完飯，想說去買個新枕頭，騎到一半，冷不防，後面撞上來，我往前倒，上嘴唇著地， 然後躺在的上，盡量不要亂動，因為傷勢不明。等救護車到了，人員查看一下，幸好上唇沒毀，門牙也沒撞到，坐救護車去醫院，主要皮肉傷。然後撞我的也被送去，酒還沒醒，還在瘋，警察只有抽血驗酒精。昨晚自然沒辦法睡了，結果不是上唇嚴重, 是手腳被磨破皮的傷口痛，早上起來頭昏眼花，又躺著，到了中午起來，接了肇事者的電話，連連對不起，我也沒跟他計較。一切都是因果。--豈能盡如人意，但求不愧我心--",0
50,好懷念 藥物對我還有用的時候懷念吃下使蒂諾斯以後的放鬆感一年下來試了一堆藥現在通通都沒用了贊安諾—不管吃多少顆都無感，也不會想睡 甚至試過很誇張的吃法 但還是一點感覺也沒有 就連不舒服都沒有立舒錠—不管吃幾顆也都無感服立寧—不管吃幾開還是無感戀多眠—打從第一次接觸這個藥就覺得我是不是拿到乾燥的白色假藥，一點感覺都沒有悠樂丁—晚上照樣起來—照樣睡眠品質很差悠然—跟戀多眠一樣覺得拿到的是不是假藥使蒂諾斯—要吃到驚人的量才會開始慢慢有感 幾乎無效了，也不會夢遊優達平—我的最後一線希望 但要吃四大顆200mg或以上等幾個小時才會勉強睡著，而且一直醒來可洛拉平—完全沒感覺紅色小藥丸（心律錠）倒是少數有點用的東西連吃肌肉鬆弛劑我都沒感覺抗組織胺更不用說 從來沒有肌肉紓解過酒量也不知道為什麼變強了唯一有用的藥除了心律錠大概只剩日本買回來的頭痛藥了（真不知道我是基因有異還是怎樣...）（有些藥沒用就都不吃了）實在不知道還能怎麼辦持續看心理諮商rTMS 10次也無效 還多做了五次CES電療也無用這兩種做完連安慰劑效應都沒有失望至極只差ECT沒去做了這一年下來花了20萬有吧 只是想要自己變好試著運動 出去走走 做以前喜歡的事我還是一樣情緒呆板 憂鬱 事情都變得索然無味很想快轉過完所有沒意義的日子 然後躲起來 一個人放空 睡覺但現在睡眠也徹底被剝奪短期記憶力也被各種藥物摧殘殆盡這一年我到底怎麼了變成一個被憂鬱寄生的夜遊怪物白天又怕人怕事怕得要死我真的很想好起來我什麼方法都去試卻一再一再的失望我的半夜兩點十分比你們早就到了我的早上九點拖了好久才到經歷了虛實不分的幾小時睡眠變成了虛實不分的日夢遊喔，然後我還變胖了，真的是他X的X--,0
51,還有半小時覺得倦怠低落負面而自我放逐下班要吃冰冰彷彿是每天的救贖潰瘍還沒好,0
52,首先感謝flying 1618大大提供這本書的圖片書名萌生了我的想要買下來的衝動27號的晚上母親沒有煮湯有些口渴就跑去便利商店買飲料也想說預購的書應該來了吧可惜的是沒有接到書來的到貨通知卻發現人力銀行總公司的面試邀請函28號是面試的最後期限於是今天就因為面試來到台北然而公司的主管因為開會的關係要我只填表單之後在另行通知也就是還要再來台北一趟雖然有些不高興不過至少保住機會了也在此提供一本書的圖片這本是哲學系學長推薦給我至少對我來說這本書對於閱讀治療還蠻有幫助也很令人省思也在此推薦給版上的所有大大而住的旅館的太弱不太能看到字只好之後在拜讀了--,0
53,我又想去看另一家醫生了，趁今天的好機會，我又騙家人要在外面吃飯不回家。可是我晚上會不會又不敢進去了...。好蠢，就只是因為一個小因素還要去問醫生意見？而且那邊離公司好近，好怕被其他人看到。那間好像沒有諮詢師，感覺會被開藥？到時候被開了我是不是又不承認自己狀況其實沒這麼差，沒病--,0
54,其實面試就是一場欺騙與賭局我至今沒有掌握不要被騙的技巧但覺得被我騙的或許也不在少數吧煩到吃不下睡不好--,0
55,昨天又開會，又再被要求去考證== 回家中途一陣無力感襲來，覺得快當場暈倒暴食的背後是“累”，知道之後寧可9：00上床睡覺。雖然1：00會醒來。劇荒的我我無意看了韓劇靈魂維修工，看到一個名詞叫做“陣發性暴怒” ，我的暴食應該也有這樣的原因吧！結論：只有戲劇裡才有願意陪伴妄想症患者去巡邏的醫生吧！現實中只有自己。--一定要斷手斷腳才能進急診室嗎？看吧！看吧！憤怒？哈我想直接變瘋子住院就不用工作了,0
56,牙齒真的很重要補的地方又掉了本來跟醫生約下週醫生line說他想提早幫我看啊啊啊啊啊醫生好用心不知道會不會痛,0
57,"我可以不要去考嗎？醫生說要對得起幫我看功課的人（就是醫生啊xD要去考還要認真考Yes, sir",0
58,難得脫離偽單身的日子，孩子都不在身邊，下班後跟女孩們一起吃吃喝喝聊天，就像是，青春的樣子？都快不記得女孩的日常是什麼了。是下班了一群人一起吃飯，吱吱喳喳的聊天。是找到漂亮的小店，一起吃好吃的甜點。是分享生活中討厭的事跟有趣的事。是開開心心的，有很多迷惘跟夢想。好懷念，這樣的青春......今天我是女孩，不是誰的媽媽、女兒、姐姐，不屬於誰。今天我是我自己。自由自在的自己。然後我哭了。為了逝去的青春，自由自在的哭了。--,0
59,破相，且不知原因一直以為是青春痘，也是迷糊得徹底。外頭雨好大，下得人心煩意亂。貓來了之後，總是哭，覺得很好，眼淚終於掉下來了。那些沒有眼淚的人生，真的很苦。,0
60,晚上對老婆有點生氣是說今天生氣的點也沒什麼新意大致上就是睡前不想聊天又被老婆不睡覺在那邊尬聊睡前她無心的問我想考証的動機偏偏我自己睡前呆突然說出了原因之一是不想去工作她就順口追問了那我當天上完課後有沒力氣再去上班問我為什麼不回答就不爽回了一句我喜歡上的課有沒有去才是有人關心的點誰想知道我會不會去上班？被她氣死真是的～～～～～～--,0
61,因為武漢肺炎我們大學改成遠距離上課已經第二堂了我還是好開心終於不用跑那麼遠去上課再跑那麼遠回家上課有問題可以直接上網查不用顧慮教授眼光也不用social天啊第一次感恩病毒覺得開心BTW戒斷症狀開始消退了不枉我吐了快一個禮拜千憂解掰掰我自由了耶,0
62,"下午在研究天主教的驅邪禮典(就是天主教驅魔的一些規範、禮儀和驅魔方法)看到很想睡,想做些事情來提神突然想整理一些塵封將近二十年的劉毅英文資料給我那個跟我一樣失業家裡蹲一邊學英文一邊找工作的弟弟想說應該對他有一些幫助吧舊資料堆翻著翻著，突然找到一篇我高二的時候做的天主教報告這在非信徒眼中應該是巧合吧但在我眼中,這絕對是上帝與我同在的證明,即使我是一名基督(新教)徒感謝主耶穌感謝天主,也就是那位昔在今在永在的三一真神僅在此做個簡短的感恩與紀錄阿們--佛教也是一個很好的宗教,我最近在練習上座部隆波通(隆波田的弟子）的正念動中禪(mahasati meditation) 文章代碼(AID): [ptt.cc] Re: [難過] 好像做了讓憂鬱? ││ 文章網址: (沒辦法,基督教反對靜坐跟氣功,我也是萬不得已的)我覺得藉由練習佛教的禪定對我的憂鬱症和焦慮症很有幫助,腦袋安靜很多,會比較平靜,跟吃藥的效果一樣雖然我還是有在按時服藥(西藥),按時回診還有大乘佛教楞嚴經當中記載的觀世音菩薩的耳根圓通法門也很棒,我也有在練練法可以在八卦板a我的id,有一篇關於冥想的文章，我盡我所能寫的│ 文章代碼(AID): [ptt.cc] Re: [問卦]冥想跟windows磁? ││ 文章網址: 推薦給大家～",0
63,原來醫生很在意xD剛剛問醫生可以幫我加油打氣嗎？醫生說每次他幫我加油我都會用「那種」語氣問他你該不會是在騙我吧還學我的語氣xDDDDD醫生一直學好可愛啊><原來醫生很在意我懷疑他說不定還有些生氣吧啊哈哈哈哈跟醫生說對於他請假有情緒好像被遺棄了醫生說現實是？？？我說現實就是你有事情請假了醫生說你想知道是什麼事嗎？我說完全沒有這個意思,0
64,雨天。今天還是沒說....我又這樣過半天。聽那些讓我覺得何必為難人呢？真想，蹲著抽煙，可是我不會抽煙。--,0
65,老闆問什麼時候要進公司討厭工作牽涉到人情關係就是這樣人這樣就會仗著人情踩線Matilda law就是還在100%WFH是在問什麼講什麼很多人都出來了關我什麼事一堆人都犯法就等於我就得跟你們一樣嗎換了制度完善點的公司你敢隨便問員工違法的事？罰款一萬美表面上不管怎樣本質上就是工作關係不要搞不清楚好嗎。......關係下旋期ing我也知道是因為自己不穩定他需要非常努力才能勉強維持平衡一有風吹草動就會倒每每都只有他努力修復才救得起我的話無論怎麼做都是越來越不好因為只要對方一點沒接到我就會越來越生氣不高興說穿了一段感情要靠單方的努力才能維持在良好的互動對那一方來說也實在很辛苦很累(難怪能跟我在一起的人一向都有極高的抗壓力)我能理解他的難處但他無法理解我的無力越覺得無助就越又是同樣的問題:越感覺什麼都做不到就越是覺得自己不重要我知道你可能覺得是我沒有在這方面努力是我太負面但我一點信心也沒有你說相信你但我怎麼相信拿什麼相信他們談論著卻不知道我們同樣身在其中我離開去倒水免得聽著聽著哭起來你看見我不開心試著安慰我卻是說他們沒有judgemental我才不在乎別人怎麼想我從來不明白為什麼你始終無法面對什麼真正讓我難過才會那些傷心壓力都是我在承擔你說希望保護我但你怎麼做得到你做不到你根本做不到或許你不會故意傷害我但我要怎麼相信你在利益衝突的時候還是會盡量保護我我看不見一點點我都看不見你以為你愛我但我一點不覺得你真的愛我因為對你來說我從來都不是我們。--QQ謝謝c大 我一直掛念你疫情只能關在家裡 嗚嗚,0
66,你不愛我；他也不愛我。現在唯一愛我的，只有那隻貓。你明明很久很久都不理睬我，用一種自以為豁達的態度要我找到自己的路。結果，伯母受不了你的愛貓，你竟主動問我是否能收留。帶貓來的那天，你還帶個女生來。兩人親密對話，快哭了，還是咬著牙吞了回去。我不示弱。貓很好，成了我生命中重要的一部分。住一陣子也好，一輩子也好，他已經取代你的位置，他比你有良心。,0
67,看到前面幾篇夢挺有趣的昨天晚上也夢到一個我和家裡的人開車一起去我姑姑家我哥開車 但是車開到門口他突然非常大力的倒車把我姑姑家連門跟牆壁撞破直接停在客廳我很生氣大叫 罵他 到底在幹三小而且我覺得他一定是故意的 說他要不要這麼噁心我還講了好幾次噁心然後在場的親戚包括我爸媽卻像沒事一樣覺得我大驚小怪 好像把房子撞破就像膝蓋破皮一樣沒什麼大不了的大概就這樣夢到的當下很憤怒 醒來覺得莫名其妙--,0
68,關於bully應該又拼錯了anyway我承受過也無法跟著同事點頭附和對霸凌者友善的言論即使被討厭這就是被討厭的勇氣--我也是最近鼓起勇氣你好強大（拇指）哈哈,0
69,開口請人放棄自己 怎麼不會是一件難過的事呢我知道朋友們都是為我好才在替我焦急只是我沒辦法長成他們希望的樣子而已－－It was just an accident.I'm not a reliable person.－－從倒數第九次的諮商開始 或更之前 過程就不是很順利了心理師的反應其實和朋友們一樣 他不知道能替我做些甚麼沒算錯的話 幾小時後我要面對的是倒數第三次諮商這個禮拜根本一團糟 然後我還得跟心理師疏通諮商過程的障礙就在沒多少時間了...--,0
70,我因為要兵役複檢的關係回去拿診斷證明，醫生跟我說，你還能上班，我覺得不像是憂鬱症，憂鬱症應該會沒辦法上班，幹不上班我連看醫生治療自己的錢都沒有，然後調病歷資料出來發現他寫的有夠隨便，我根本沒跟他說過什麼我要開餐廳，他在病歷上面寫說我準備第二事業餐廳，我真的不知道到底是怎麼一回事，好好笑也好無奈，一切都是這麼的令人無助，這是一場鬧劇吧--,0
71,躲在角落還是狂冒冷汗諮商師開了小房間的燈跟我說如果有需要可以進去搖頭拒絕之後發現有人盯著我看秒閃進小房間最深的角落焦慮嘴巴說不要 身體倒是挺誠實的對自己翻白眼 乖乖地說好和謝謝很難嗎?--,0
72,現在想起跟M交往的年歲，還是會不爭氣的落下眼淚這是我寫給他最後一篇動態「我以為我們能數完很多個夏天，一起度過很多年歲，一起變老，你就像少女漫畫裡走出來的人，所以你才不屬於我」--,0
73,剛剛邊摸肥貓屁股邊搓她的毛突然覺得好幸福希望明天的圖 能被老師認可能稱讚的話更好禮拜五的全英文面試 能60分就好估奈--,0
74,我知道過去有許多Line都擁有爭議。但我有一些大群管理經驗。本身也擁有多項病徵確診。我想明訂一些規則然後試營運。@不可騷擾女性板友，強迫她得向你袒露心事。@有紛爭，我可以幫忙排解，追求對錯無偏頗。@民主制，群主只是開群者並非最大。@不得有金錢往來。@不歡迎惡意惹事者。我相信大家都是夜貓子。（像我就是。）我們只是發作的時候需要分心分享，互相鼓勵。也許這次也會失敗。但我只是想有一群人能在夜裡說話。--,0
75,看完愛死機器人覺得我像是遺落天鷹座裂縫外但還沒真正醒來假醒來卻以為是真的不知現實是可怕的我願意在夢中現實很駭人醒不來至少看不見外星人可怕的外表.......雖然動畫裡外星人是善良的--,0
76,"自從上份打工辭掉後，基本上就是繼續SOHO的工作，這波疫情難免會有影響，待在家的時間又更長，和人接觸的時間也只剩吃飯了......一直沒講話，有時候會忘了怎麼講話，打字還比講話速度快XDbtw,我參加了這次 AllTogether（俗稱O2）的板主選舉，對方是名人堂堂主啊，拜託大家幫我投一下票，雖然我們這邊的票也不多，至少不要少的太難看，拜託拜託QQ記得幫我拉票喔～--「支持我一生的信念有三：知識、情愛、和對人類無可抑遏的憐憫。」－ 羅素．哲學家--先到 AllTogether 板（記得用電腦開）按大V 進去投票界面然後把驗證碼的頁面複製到瀏覽器上 點選「我不是機器人」再複製驗證碼輸入之後記得選 B. pinpo再按 1 結束投票沒啥政見 你可以提出哪裡不好的說不定有機會提出來改thx.O2跟Friend因為性質重複性太高，所以必須區分純交友或找另一半，不拘的請去Friend板，O2是確定以交往為前提的。thx.thx.揪運動盡量還是在地方板比較方便啦不然Wanted也可以（純聊天也是）O2就真的是純交....異性的地方了",0
77,雖然準備好要找工作了一波波的面試襲來從小到大我最恐懼的就是面試跟結婚生小孩每到陌生的地方就開啟高敏感模式一進到建築物裡一切微小的人事物都會瞬間放大好幾倍傳送到我的感官裡總覺得別人對我議論紛紛（雖然事實上根本沒人care我）總覺得自己的一舉一動也被盯著看不管是路人 警衛 清潔工 其他員工好像都在等著看我的笑話（事實上根本沒人在注意我）恐懼症的暴露療法就是讓自己直接面對恐懼就像在冬天要下去冰冷的水一樣知道下去就沒事了 還是挫到不行如果還是做設計的話我一定是自信滿滿吧轉職讓我又是一張白紙是有年紀的泛黃白紙越黃越少人可以接受無法用輝煌的經歷證明自己只能靠一張嘴跟空頭支票我不喜歡說空話..本來可以逐漸停藥了醫生也不放心求職狀態的我難道真的要依賴藥物一輩子嗎依賴藥物我無所謂 每天一顆不麻煩可是不能搭配酒喝 好像是會傷肝我有時候會特意避開吃藥前後兩三個小時喝酒真的好想想喝就喝--,0
78,上次提到的面試今天第三天還是沒打電話來雖然薪水低又要輪大夜但還是有一點點失落我想原因應該是我提到上分離職原因是想去打工度假的關係QQ好像太誠實了休息幾天再繼續找工作吧,0
79,每一天醒來都告訴自己我好想離職。錢多又離家近的新工作幾乎是滿兩個月了，同部門同事業務量大到每天加班，而我常常閒置空轉六點一到準時閃人，我不知道這是不是我的問題，我常常覺得沒事做，很無聊，一直裝忙好累，加上做事情又蠻快的，對比同事的忙碌我覺得我好廢，總是準時下班也覺得很心虛，星期天一到憂鬱狀態就會加深，有幾次上班上到爆哭請假，午休也幾乎都跑回家哭或睡覺。一直很想離職但還沒找到工作，醫生千叮嚀萬交代我要騎驢找馬。另一個選擇是調部門，運轉比較穩定，薪水可能會往下調，部門風氣是準時下班，但同一個公司其實常常讓我覺得喘不過氣，我怕我又坐不住。沒有喜歡的工作，所以選比較不討厭/痛苦的就好。我覺得人類一星期根本不該上班5天，一天8小時(再加上午休個1.5小時)也太多了。下班心累到只想早早睡覺根本沒有生活可言。憂鬱症的大家會選擇為了五斗米繼續痛苦，還是逃離這個迴圈？--,0
80,順著看完62點後 我覺得自己好像從小就很慘但是不是其實很多人都跟我一樣遭遇很多事情 讓自己糾結過得不太好只是大家是不同的功課所以其實我不必太難過也不必想著自己好可憐 這世界對我好不友善大家其實也都一堆人生功課在---上一份工作 老闆有時候罵我太消極又不正面的時候我會說因為家裡的人都是這種樣子 他覺得我在找藉口但我真的很被影響啊 家裡一堆事情又有噁心的媽媽妹妹在那邊噁心就會有種自己真的很多負面的東西在纏繞著但沒有人會想理解 只會認為我在找藉口感覺上就是一直在強迫被負面能量纏繞的我壓榨出我真的生不出來的正能量然後因為我生不出正能量 就一直被撻伐一直被貼標籤說我不夠好 我只會逃避 說苦口婆心跟我講什麼都沒用就像是我一個人在空無一物的黑暗中 被強迫著要點出一盞燈 一直罵我為什麼不點燈但無論我怎樣想點就是點不出來啊 除非我能走出黑暗找到光亮啊--,0
81,不靠藥物也能治好憂鬱症：讓3000名患者康復的奇蹟飲食療法作者：藤川德美譯者：蘇珽詡出版社：大樹林出版日期：2020/01/03ISBN：9789866005930*有人看過這本書了嗎?我正在看正在吃不想吃藥只想吃好的食物正確的飲食生活方式給自己更好的選擇提供給大家參考--,0
82,那個 我有討厭的人就是身而為人她的存在我覺得多餘的討厭真的是很煩然後就被自己困住了--,0
83,<起因>Q 忍受不起別人講一下自己的不好，對別人來說，他不認為他自己有兇我，但我感受到滿滿的攻擊跟指責，所以我防禦心很強，就攻擊回去了。A 我的解釋是妳過去被批評的能量太多，所以妳被批評就會一起被翻起來，所以就是釋放掉，要換新模式。<種種批評>1. 小時候玩媽媽保溫瓶裡的水，被媽媽衝過來打大腿。2. 小時候鑰匙被我玩到掉出來，我弄不回去，好怕被罵，怕到哭出來。3. 小時候鈕扣不會釦，媽媽一直罵我怎麼那麼笨，連釦釦子都不會，人家妹妹連剪刀都會拿了，妳都不會。4. 小時候妹妹亂跑被機車撞到，媽媽怪我是我的問題。5. 小時候妹妹跟我坐碰碰車，她手沒扶好摔落地上，媽媽說是我的錯。6. 晚上睡覺碰到蟑螂，我嚇哭得不行，媽媽沒有保護我而是罵我兇我逼我把蟑螂徒手抓起來。7. 國小常常沒來由胸悶心情沮喪覺得很煩，媽媽總是罵我說都我的問題，要我不要吵她。8. 妹妹厚臉皮的說她要，而我太好心了怕媽媽多花錢猶豫說不要，所以好東西就沒有我的份了。9. 跟爸爸一起玩沒聽到媽媽的門鈴聲，結果我一開門，被媽媽一直踹一直踹，踹到我倒在哥哥的床上，爸爸都沒有阻止過。10. 國小喜歡的男生對著另外一個情敵女生說：拜託林OO那什麼貨色，誰會喜歡她？11. 國小的好朋友陳O惠，忽然就不理我了，我午休趴在桌上一直掉淚。12. 國小惹到班上惡霸，美女好朋友陳O惠哭了，大家圍著她陪她下樓，我也是要被打的那個，但我一人走在後頭。13. 國小跟賴O玩躲貓貓，躲在一間公寓一樓，結果被一個女住戶很兇的罵出來。14. 阿伯說我牙齒這樣怎麼不去弄一弄？15. 媽媽說我牙齒會這樣都是我的問題，誰叫我不敢看牙醫，我活該。16. 國中當學藝股長寫教室日誌晚到家幾分鐘，回家被媽媽罵說我在外頭招蜂引蝶。17. 國中同學說你不要笑好不好？你笑起來好噁心。18. 國中出去倒垃圾晚十幾分鐘回家，回來被我媽賞巴掌。19. 國中隔壁班老師說要女同學不要靠近我不要跟我做朋友，說我會把他們帶壞。20. 國三別班女生因為他們班男生喜歡我就很討厭我，我坐在地上看我的樂譜，結果她故意來回踩我的樂譜，都是腳印。21. 國中配眼鏡的時候，眼鏡行的人說我長得很像林O傑。22. 國中拿掛號信的時候，郵差先生對我說妹妹你的胸部好大喔。23. 翁O裕說他媽媽說他之前的女朋友比較好看，但現在這個就沒那麼好看。24. 媽媽罵我跟爸爸一樣，做事情拖拖拉拉，她看了就生氣，所以常動不動一直看我不爽。25. 高一的好朋友，忽然就不理我了，我上體育課自己一個人沒人跟我同組，最後我一個人在體育課哭著回教室。26. 高一當曾O純合唱比賽的伴奏，結果他們入選後大家都圍著他們恭喜，我一個人沒有人理會。27. 高中國樂社的同學說我是一個不做事的副社長，背後指指點點。28. 曾O純抱怨我為什麼都不會想話題聊天。29. 曾O純擅自幫我推掉別人對我的邀約，回他們說我應該不會想去。30. 林O婷時不時的捏捏我的鼻子，在想她可能覺得為什麼鼻子那麼醜那麼塌捏不挺。31. 高中音樂老師對我說，妳要考音樂系？妳會爬音階嗎？不會的話還是算了吧！32. 高中同學自做主張幫我拿畢業紀念冊到補習班給我，結果害我一個班上同學簽名都沒有，整本空白搞得我好像他媽的高中一片空白。33. 大學打工的鐵板燒小妹說你朋友都長那麼好看，怎麼妳就...34. 大學男同學小B跟我說真妙，我就不會把妳當女生看，對我而言妳不是女生。35. 大學外系的同組同學一直質問我彷彿要我徹底的道歉賠不是，所謂的好朋友沒人幫我說話。36. 大學時彭O婷這賤女人直接搶我男朋友。37. 大學時劈腿的男朋友還叫我不要再傷害彭O婷。38. 大學畢業製作同組的同學後續都不想跟我說話。39. 劉O怡欺負完我後還笑著故意說我是不是很好欺負啊？40. 張O齡處長看重的總務室的人是包O跟O漾。41. 包O跟O漾抽完菸後就把我拋在後面兩人自己走掉。42. 包O不會介紹她的朋友給我認識，只會介紹給O漾。43. 包O的朋友每次見到我跟陳O齊都很不屑，有敵意。44. 陳O紡對我特別兇，問她借攝影棚的事情，把我兇的跟狗養的一樣。45. 保全每次叫我拿公文都像在叫細漢的。46. O德哥說既然妳說包O那麼好那麼優秀，那我要妳幹嘛？47. 林O平說能跟他前女友在一起，真的是他很大的驕傲。48. 劉O麟說天啊妳怎麼那麼負面。49. 郭O米說沒想到妳也有那麼多人追喔。50. 媽媽說我功課好考上好學校是應該的，有什麼好稱讚的，我稱讚一下妹妹不行喔。51. 面試的人員說：林小姐我看妳只剩下兩條路可以走，一條是回去妳的媒體業，另外一條是趕快找個男人嫁了。52. 賴O涵說為什麼妳都要把不好的事情記那麼久，妳沒有從中學到什麼嗎？53. 很多人說我皮膚不好。54. 田O州說他跟前女友那個都沒辦法很久，但跟我不會。55. 田O州說我胸部長得很奇怪，都跟他前女友不一樣。56. 田O州說我去他朋友家，看到小木馬就騎上去他覺得很無言。57. 田O州問到我的存款，然後無語。58. 嚴O行說我就是腦筋很死，沒有彈性，只會寫企畫的行銷根本不是行銷，說我的行銷團隊不會有妳這樣的人！59. O老師不斷針對我說的希平方嗆我到底背了幾個單字。60. 劉O紳因為我糾正他事情，當眾踢椅子發脾氣。61. O老師說我看你不適合做行銷，你還是不要找行銷的工作比較好。62. O玉那醜陋的嘴臉傳達出我是一個很不OK的人。--,0
84,瞬息萬變的情緒，非常難以控制。以前的我，通常會被說是溫柔、冷靜、細心，情緒控制特別好，深思熟慮的人。現在似乎是把累積了30年的任性一次拿出來用了？臨界點下降到我自己都受不了，再沒有辦法總是冷靜，除了特別親近的人之外，對其他人都沒有興趣，更別說細心關照了。其實父親和母親都和過去一樣，一如既往，但以往會覺得是在開玩笑的好笑的事，現在都覺得哪裡怪？以往就會當作沒看到的爭執，現在更加麻木的感到厭煩，訊息總是很久才回一下，卻又有種愧疚感？依然不太有辦法看他們的眼睛。因為有他在，因為武裝指數很高，所以其實很平靜，但碎片在我腦海中刻下的畫面好深刻，必須畫出來才行......偶爾就會有這樣的東西卡在頭腦裡面，有時候是畫面，有時候是文字，要畫或寫出來才會消失，常常是不知所云的東西，最近都是兇殘的畫面。不過還是有一些好事，像是反胃的一週反而順利的瘦了一些，即使只有2公斤，運動的時候還是可以感覺身體輕盈了一些些？碎片這幾天越來越躁動了，真是困擾啊，尤其下週會是很忙的一週，這麼多事我還有時間去看醫生嗎？！希望可以順利度過這週......--,0
85,我們應該是結束了吧…最後給你的紙條，謝謝你這段時間的陪伴，還有對不起浪費你的時間…新工作就能遇到你是種幸運，可惜我們的快樂只有短暫兩個月。也許遇見你是種幸運，分開卻是天意未來你還會想到我嗎？ 也許不會了吧！？你說我們各自活了30年，觀念想法都不同，能為對方改變多少？ 沒有認真試過怎麼會知道？你說現在傷心總比以後更傷心還好，每段感情我都是全心投入，要怎麼不痛我已經不知道…你想要自由，就還給你自由。想念就留給我。--,0
86,"這邊這個""以前""定義在15-20年前以前那種落單不愛團體的現在被叫做邊緣人通常很容易在國中成為被霸凌的對象進而慢慢開始成為一個憂鬱症的因素之一我自己就曾經是一個現在來看如果告訴老師沒用直接跳過學校驗傷提告就好了雖然說那個時候手機不普及也沒監視器收証有難度但我當時是完全不知道能提告求償的事不過記得國中有次遭校外人士恐嚇然後我有和家裡的人說要報警但最後沒有去報警同樣最近也有博恩自稱遭性侵的事而他似乎面對這事也沒有提告讓我不禁好奇為什麼以前的人在校遭霸凌都不會提告?--",0
87,每個禮拜大概會有一兩次我爸跟我阿嬤吵架久了真的好煩我阿嬤今年93歲大概跟外傭一起搬上來有超過1年了從以前到現在一直是個有點難搞的人她極度的會碎念 我從來沒看過有比她還要會唸的人以前只有重要節日回南部看她但她現在沒辦法一個人住了 也不想要外傭照顧她搬上來台北變成每天都要看到她老實說我放學回家都會刻意迴避我阿嬤不想讓她注意到我回來吃飯的時候也完全不想跟她說話她問我問題的時候用點頭搖頭回應雖然我媽最近要我回來都要跟阿嬤說這我倒是還能辦的到啦我承認我一直都很討厭我阿嬤我爸只要開始跟她說話很大的機率都會變成我阿嬤又唸到他發火然後開始大吼有時候還會摔東西 有一次我爸還用頭撞地板然後我媽就會說你不要理她就好了 幹嘛這樣家裡會安靜一天 然後過沒幾天又開始 無限loop我其實 一直很希望她能早點過世一直好想找地方說出來 但這是大逆不道的事我試著想其實大家心裡搞不好都是這麼想的希望她早點死掉 我試著這樣想 讓自己看起來沒那麼邪惡但是事情好像沒那麼簡單 我覺得我阿嬤的存活也不知道為啥 就是很重要 因為已經沒有比她更老的長輩了 如果她過世了 以後過年大家可能就不常會回來一起團聚真的沒辦法用少少自句去精準的描述她有多令人煩躁我爸剛好又是那種很容易被她的話激怒的人耳朵痛...--,0
88,明天到底要不要提離職，都想好劇本了，但就怕走了後找不到工作...這幾年我到底怎麼忍過來的？今天去走走也是一直轉，雖然我沒把內心表現在臉上，但我一直覺得到目前為止，我在你的心中還算可以吧？還沒破滅吧？以前就一直覺得哪一天一定工作到憂鬱症，現在快成真了。哪天崩潰後，會不會被丟掉？--,0
89,外面大太陽好像應該出去走走要不然也該準備一下明天上班的資料但卻一直躺在床上吹冷氣滑手機耍廢周末就快過去了呢--,0
90,那天 我對你生氣你對我說:「那就好了 就這樣 妳的情緒控管 認為大家都虧欠妳」我只說 「那些人確實虧欠我 就跟你曾經虧欠我一樣」你就開始說我想太多你自認沒欠我什麼覺得我在靠夭我只回了一句 「當時認識你時明明就有女友 還假裝單身 要不要臉」「你有曾經道歉過嗎?」你火就上來了你無法否認就一直狂罵我 「還要哭夭? 你是哭夭完了沒?」「我事情一堆沒有興趣跟你在那沒事找事做，我沒那時間陪你浪費」過去的愛恨糾葛 就如夢一場早知道是這樣　像夢一場我才不會把愛都放在同一個地方我能原諒　你的荒唐荒唐的是我沒有辦法遺忘早知道是這樣　如夢一場我又何苦把淚都鎖在自己的眼眶讓你去瘋　讓你去狂讓你在沒有我的地方堅強讓我在沒有你的地方療傷--,0
91,"經驗分享:是,健保心理師要排一年以上,有的會限來就診次數,但我遇到的都感覺都沒那麼廢,都很用心,BUT對我沒什麼幫助,找了陳豐偉問,他說,要找自費的.....我唯一次自費的,應該是實習的,因為有便宜收錢,才第一次問情況而己,他X的就讓我感受到精神創傷,我那時候被我媽逼考公務員逼很緊,所以我一直狂抱怨我媽,然後心理師對此非常明顯的用言語及行為表達了他的不認可不屑,但如果他不是我信賴的專業人員,我不會告訴他我心底最深的黑暗,我不記得我是怎麼離開諮商所的,總之,有回信痛罵他們的不專業,那位實習心理師的上面(指導人嗎?)還回信道歉,總之,因為這次嚴重的精神創傷,我之後都不會接近那個諮商所附近的地區。因為這件事,在精神科醫師前面爆哭,被暫時中斷診療那又是另一個故事了。之後與每個心理師建立關係前,我都會告訴他們這個故事。喔,還有對搞沙遊的、音樂的那些非語言治療的,都會很不理性的覺得不信任。結論是有收錢的不一定好,那個G8心理師收了我五百還六百,比健保門診、學校免錢的還不如。幹!--老實說我真的很想找到能擺脫垃圾桶困境的心理師,不然每一個心理師最後都變成垃圾桶,其實對我人生完全沒幫助,我之前有遇到過一個心理師我覺得還不錯,是他幫我下定決心放棄依我身心狀態根本考不上的高普考,轉戰較簡單的考試,終於上榜有工作了。像這種我就很願意付超過二千的諮商費,不過人家是公家的,我一直提不起勇氣問她肯不肯接私活.......然後我現在也不住那區了。真的,但我沒想到會不成熟到這種程度,像那個八點檔戲裡尖酸刻薄的演員,連不屑的表情都出來了。我的文章說得很清楚了,就是讓我下定決心轉戰,不再死守考不上的考試,你的閱讀能力還OK嗎?",0
92,由於克顛平快吃完，今天去一家新診所拿藥(本來的醫師人太多)，第一次去醫生還花了時間跟我解釋我吃的SSRI，很不錯的醫生給推。然後我也跟他說最近在減克顛平，希望吃0.5mg的就好。他從善如流，然後還開了慢箋。剛才已經吃了0.5的，不用每天撥四分之一，然後還以後0.5mg對半撥也很方便。 有一種拿到新武器的新鮮感。希望今日好睡，求觀音菩薩保佑。 ^_^--豈能盡如人意，但求不愧我心--,0
93,下午在別處看到新聞，又觸發焦慮。又苦惱到一直猶豫了。滑104看到大公司有說訓練課程的，我馬上渾身不舒服，我真沒上進心...。我完全不想。就只想當個隱形人，但這種最容易被裁員。就想當簡單的人。遲疑不敢說滿。這種回答算糟吧？太多年了，沒用嗎？給你八個月失業休息夠嗎？--,0
94,在一起的兩個多月，有一半時間莫名被你冷落和好後沒幾天，你又開始冷落我…說好有事情要跟我說、不要把心事放在心裡，但對於你卻是一無所知。現在，你卻說我們要的不一樣！我只想有你單純的陪伴，而你卻只想賺錢衝事業，沒有心思談戀愛談感情…我成為你的絆腳石了嗎？想幫你還債只是不想看你太過勞疲累，為何要認為是看不起你？ 如果看不起你，我又何必把你放在心裡重要的位置？我不懂，你是真的不愛我了還是刻意逼我離開你別再浪費時間？明明十天前才說過喜歡我的…--,0
95,一直夢到被所有人排擠夢到被老闆辭退又找不到新工作最好的朋友也在夢裡跟我絕交、反目還有身體不停下墜的感覺……每天睡不好真的好累喔……生理跟心理都好緊繃超難受--,0
96,明天約了下午諮商，但外面雨一直一直下，而且我好累，好想逃避..好想傳訊息給心理師取消明天的諮商..但又覺得如果這樣做的自己好過分，因為心理師空出了時間給我預約，等等等等等可是我真的好想逃避..才三次，我已經開始覺得兩週一次的諮商，對我的時間壓迫好大好大好大..--再回來看，才發現我的標題打的亂七八糟，昨晚果然累了XDDDD就留著不改了吧今天起床雨不下了，所以最後我去了..開了半個多小時的車到鬧區，好不容易停好車..我告訴心理師自己原本很想逃，因為下雨，因為好累，因為昨天爸媽又在情緒勒索我回家..告訴心理師，兩個禮拜一次，給我的時間壓力好大..然後心理師說..“所以妳給自己的時間好少喔”我就淚崩了心理師的意思是，諮商其實是我給自己的時間，但是我把時間都分出去了，無論是給工作，還是原生家庭的情緒勒索讓我壓力大..最後我們的解決方案是改變排程，從週六改成週五晚上..這樣可以解決週六諮商完我不想看到原生家庭的問題，但週五時間上會比較敢..那天我就無法加班，一下班就差不多要飛奔離開，然後諮商完也比較沒有時間放自己假，在街上閒晃..大概是這樣吧..先試試看囉..,0
97,昨天夢到的是我 姐姐 姐姐的朋友一起坐在客廳媽媽走進來說除了我以外的都很有女人味我聽了很傷心，跑進房間裡哭不管怎麼哭，都沒有人理我另一個夢是我和一些人被追殺於是我們組成小隊，準備反殺對方(莫名的有點帥)有一天隊裡加入一個新成員他很快樂的跟其他人聊天我叫其他人的名字，但沒半個人回應，連看都不看我我的焦慮還真是淺顯易懂--,0
98,心理諮商有健保的嗎？目前問診所好像都很貴1小時1680請問各位有健保給付的嗎？謝謝--你聽過最便宜的價格是？新北大概多久呢？謝謝,0
99,吃千憂解一年了睡眠問題還是很嚴重而且愈來愈感到情緒麻木、微微低潮感（尤其起床時）但沒有太多其他副作用只是對以前很喜歡的事情好像變得也有點沒興趣我應該換藥嗎？還是應該往非藥物方向 心理治療會比較有用？電療CES和rtms都做過效果微乎其微......謝謝大家--,0
100,說起來也好笑，就在我發完晴天文的一小時後，就收到了前任的電話，老天就沒有要讓我的晴天持續太久。三更半夜的擾人，非常是他的風格，其實我是想假裝沒聽到的，但是他又打了第二通有點驚動了孩子，也因為各種千絲萬縷的關係，我最後還是接了。認真說這次他的態度沒有不好，我試著淡定一點去面對他，一向我都可以假裝很淡定，但只是假裝，或者說情緒抽離是我面對的一種方式。太靠近他的時候總會有種回到那些暗無天日的時光的錯覺，像是我從來沒離開過，那些就算醒著也一片黑暗的時候，可是我們之間只有痛苦嗎？也是有快樂的時光的，那為什麼現在記得的只有痛苦呢？只有痛苦、害怕、還有悲傷。試著從所有的對話中過濾出他真正想說的，我想大約是，我過的很好超級好，現在飛黃騰達了，你是否後悔？也許還有那麼一絲挽回的探詢？連一絲都沒辦法接受，罐子裡的碎片惡狠狠的瞪著外頭，然後狂笑，其實我還是想不通一切怎麼會變成這樣，我與碎片，被拆開的這樣徹底，她代替我承受所有我不能承受的一切，帶走我的大部分情緒。我想說夠了！真的夠了。即使是像我這樣一往無前的女人，像我這樣從不後悔的人，都會在某些夜深人靜的時候想著，真希望11年前不曾相遇，在歡快舞動的人群中，他是怎麼看見我的？在沒有真名的地方，我們怎麼就交換了真實名字。我很想說夠了，拜託不要再驚擾我的生活，如果可以的話，真希望永遠都不要再相見。可是不行，這樣的距離已經是極限了吧，就當作是為了孩子們。我知道他喝了酒，也許有點醉意了吧，所以可以假裝不知道那些越線的意思，並且慶幸我們住的還有段距離，他想要看我那麼就開視訊也沒有什麼，但是其他更露骨的話真的好想從腦海中刪除。掛上電話發現自己的手微微的顫抖，即使看起來很冷靜。對，我就是怕他，小孩就是會怕他，但這不就是他想要的效果嗎？用恐懼統治一切，超成功的。今天要睡覺時房間門突然打開，瞬間驚醒以為是他突然出現，結果原來是長子趁我不注意溜出門外喝水。果然還是很驚嚇，還好很快就要搬家了，實在該換個環境的。時間突然就像停止了流動，但總是比較好了，碎片很生氣，但還是乖乖的在罐子裡，都只是些沒有意義的情緒，很快就會過去的。在長長的恍神之後，寫了字、畫了圖，想他，然後陷入時間很奇怪的，長長的睡眠中。很快完成的隨筆。--,0
101,也許雨季來臨前就開始了吧什麼都不想做只覺得好累好累考完駕照雖然開心但更覺得鬆了一口氣終於不用在約定時間跟人見面要讀的paper越積越多進度仍是零雖然可以隨便做做但還是想試著做好想試著做好卻一直無法專心讀著下禮拜要上臺介紹的散文集羨慕那些可以有辦法寫的人而我寫的東西永遠詞不達義--,0
102,大家好我是一個憂鬱症患者！我是女生！我想在這找一些朋友組個小團体互相?天！我住高雄如果不介意歡迎寄站內信給我我加你！一起成為好友--,0
103,今天去找對我很好的心理師，心理師人很好，也會說實話，不是一昧的贊同我，她一直問我喜歡法律嗎，我心裡想著當然不喜歡啊，但還是免強的說我也不知道我喜歡什麼，這也是事實，我從小到大一直都是爸爸媽媽幫我設定目標的，從高中到大學志願表我都沒碰過總之，今天她不斷的提醒我「要去上學」我跟她描述，我不像同學一樣從小到大都習以為常的去上學，我從高中開始逃學，逃學到現在，我就像幼稚園的小孩一樣，原本都在家生活著，突然被推到一個必須「社會化」的環境中，十分萬分之不習慣，必須慢慢適應這樣朝八晚五的生活，課業很重，我的確想逃避，但我不能。————我的ig康復日誌po_ya_chan--,0
104,最近的情緒常常莫名低落我不想因為這樣影響身邊的人請問除了斷交，有更好的方法嗎？我想試著假裝自己開心，可是卻做不到而影響別人，只是增加愧疚感甚至覺得彼此的關係在惡化有種就算哪天情緒穩定了，關係也救不回來的感覺那還不如在裂痕沒有那麼深之前斬斷關係--,0
105,明天要去面試飯店櫃檯QQ然後這兩天就在煩惱自己顏值好像不夠要不要穿西裝皮鞋 要不要再買一套裡面的人長得都很好看 我進去會不會被笑然後我現在自介都沒準備（菸感覺也要外語自介算了好像沒準備會比較好準備好了結果沒上會更難過QQ明天醒來感覺又會一陣乾嘔了,0
106,最近有個好友去身心科診斷是憂鬱症但她在看醫生前有段時間就沒什麼食慾甚至兩天只吃一餐導致體重直線往下掉怕她現在需要吃藥又沒有進食狀況會更差所以想問問有沒有不用吃太多又可以提供較高熱量的食物她又對蛋奶過敏 有些麻煩感謝大家,0
107,病況真的撐不住了，已經硬撐快兩個月。但臨時辭職不想寫憂鬱症，怕人資圈被黑，請問版友遇到要臨時辭職時都寫什麼？謝謝。,0
108,換了一位新醫師他本身自己好像也有諮商服務舊的醫師感覺比較溫柔細心初診瞭解狀況聊了兩次每次都講了半小時吧不過在舊醫師那邊有諮商聊到自己痛點我就自己逃跑了新醫師的診所病患也很多我離開時已經十點了後面還有五六位患者這位新醫師跟以前看得比感覺講話比較直接不過初診聊個大概15分就說今天先這樣他必須看接下來的患者雖然他也有很快抓到一些我自己在想的問題點我覺得很厲害但總覺得內心覺得怪怪的初診不是該仔細了解內心狀況嗎？想請問大家如何判斷呢？畢竟心裡問題很複雜不像看一般感冒我現在沒感冒症狀就沒事了--,0
109,每到睡前就會難受其實不是只有睡前，而是腦袋不得不空下來真正的感受就浮出來了2月的時候，報名了一系列的活動是每個月一次的結果後來狀況又差了，想到要面對一群陌生人就很害怕，根本沒去裝死裝到現在，主辦人傳簡訊問說怎麼都沒來不知道要怎麼回答要說因為心理狀況不好無法參加嗎還是謊稱身體有狀況又忘記通知（其實沒忘 只是裝死覺得自己很沒用踏不出去，又不願意鼓起勇氣把事情處理好只會一直逃，一直逃無法面對世界今天在圖書館看到一本書，講不願意上學的孩子只讀一小段，就眼淚流不停我覺得我就像那些孩子但我已經長大，不該再躲在爸媽後面了我撐不起自己，我想叫他們也別撐了讓我掉下去吧我的眼淚好像永遠流不完--,0
110,每次快要發病的時候，都會有好幾天覺得自己的靈魂飄在半空中的感覺，不管是跟人對話或者做事都有種我在看自己的軀體在做事的感覺多吃了點安眠藥讓自己入睡希望明天醒來這種感覺就沒了好累…--,0
111,看幾次醫生才能拿較多天的藥每次看醫生都很討厭排隊我知道初診只能開七天藥如果要領56天好像要有出國證明所以推估正常情況下應該最多只能28天請問一下各位在診所看幾次才能拿28天的藥呢？謝謝--,0
112,前天晚上不知是不是要出差，吃的藥已經不少了，卻翻到一點半無法睡，早上七點就要起來趕車，上了火車就睡，但是實在很不舒服，到了新竹雨下得不小，鞋子整個濕，很不舒服穿這個濕鞋，工作直到五點多回旅社。一回旅社頭好痛，倒頭就睡，睡到七點半才起，頭更痛，然後穿上濕鞋去吃飯(後悔沒帶托鞋)。在新竹車站附近的日本拉麵店吃麵，武漢肺炎真的影響頗大，從我去吃到吃完，全店只有我一人.........幫老闆QQ回旅社後，就沒出去了，穿濕鞋頭又爆痛，只好吃了兩顆阿斯匹靈留房，幸好過了半小時後有藥效，開始減輕。十點就床上躺平，然後昨天睡的還不錯，而那公司通知船期有問題，九點半後再去就好，早上本來七點的鬧鐘，一直賴床到八點十分才起來，到了公司不久窗口來通知，今天的行程取消，於是我又坐火車回台南，哈，下午回來後就耍廢，報告明天再寫吧。附上一張新竹車站巴洛克式建築照。給大家觀賞。--豈能盡如人意，但求不愧我心--嗯，我想出差這件事，男女稍微有別，男的比較喜歡，女的因為一些安全因素，較少喜歡，尤其是要過夜的。之前有個台北女同事到南部來出差，晚上住京華酒店，高樓層風難免大，她被風聲嚇到不敢睡。我是覺得很誇張啦，但我是男的不能理解。日本人建的，超過百年了。謝謝，好了，然後今天本來想要工作一整天，早上喝了兩杯咖啡(快一個月沒喝了)，亢奮到現在。照片第二天照的.........Orz真的也對身體不健康，腳暖和對心臟比較好謝啦，我不容易感冒，但過敏超嚴重,0
113,下雨空氣濕度高好難呼吸某種剛好的溫度會讓我想起過去的某種時刻味道也是突然就會跑出畫面去年的我的話會哭出來現在的我變成只想嘔吐只剩下恨了可是也沒有變成動力使我前進變成動力的話代表他還在地縛靈那樣，腦裡的所以覺得好噁心一直哭也排不掉可能他是固態的卡在某個凹槽像血塊那樣很不舒服----Sent from on my ASUS_Z01KD--QwQ好qwq抱抱,0
114,提了之後三個月就這樣靜靜的過去了承認有時候還是會想起睡覺時也牽著手的溫度某一天被騷擾後那些錯覺原來是存在的啊曾經很像真的但假的真不了千萬不要因為寂寞而隨便答應-有氧真的是靠北累今天還有家教啊嗚嗚,0
115,不確定你說的是不是這篇不過反正這篇講得也不錯大家無聊的話可以看看= = = = = = =作者: yehmei0102 (ㄇㄇ) 看板: Gossiping標題: Re: [問卦] 憂鬱症躁鬱症真的治得好?時間: Wed Sep 7 09:18:26 2016本魯精神科從業人員啦，呃，其實很多人說的並不是憂鬱症其實民眾口中說的憂鬱症，和醫學定義上的憂鬱症，有小部分差距，就連精神科醫師彼此之間，講的憂鬱症有時也不同。所以才會同樣講到憂鬱症，有人說「很快就會好」，有人說「要終身吃藥」，有人說「吃藥根本沒有用！」其實大家說得都沒錯！因為講的，是有點不一樣的東西。(但又有重疊之處，所以難分)把所有人講的憂鬱症集合起來大概分類的話，可分三大類：1. 最狹義的憂鬱症—— 生理因素為主重度憂鬱症這一類最沒有爭論，所有精神科醫師和民眾都認同這是憂鬱症。簡單說，這類人就是調控血清素的機制永久壞掉，血清素會突然無預警地用光，就像工廠突然原料不送進來，一切運作停擺。(血清素，簡化說法就是快樂素(好簡化XD) 人腦內一直都有，含量會調控在一個範圍內，是人快樂和動力的來源。)這種憂鬱症有明顯的鬱期，(Depressive episode)通常沒什麼具體原因，但會看見他一天一天迅速地越來越不快樂，到最後整個人像潰散一般變得提不起勁。會愁眉苦臉、無精打采，表情少，或默默流淚。話量減少，內容單調貧乏，或焦慮地重複一些簡單問句。 動力會變得很低，活動量大減，躺床、或不動。原本能做到的事(例如原本會煮飯)，也會表示不會，或像忘了怎麼煮一樣，煮得很糟。很多老人發生這類憂鬱症時，乍看很像失智症，因為不動不說話，好像什麼都不會了，但跟失智症最大差別是，失智症通常以年為單位漸進發生，重度憂鬱症的鬱期則常在一兩週內迅速發生。而且失智症是不可逆，憂鬱症是可逆 。鬱期發生後，通常吃藥或調藥後，兩三週至一兩個月就會好了。(比躁鬱症快一點)恢復後就像沒事人一樣，說得出自己之前怎麼了，但說不出為什麼會這樣。(很難說出具體壓力源)我有在醫院遇過一個50歲左右婦人，鬱期發作時，每天愁眉苦臉，問她什麼都說她不會，住院調藥兩三週後的某一天，她突然開開心心跟我打招呼，臉上帶著笑，又開開心心跟病友去參加活動了，就知道她好了。快可以出院了。(躁鬱症患者也是，可能剛開始住院每天跟醫護人員吵架，突然兩個月後某一天，講話變得謙和有禮，就知道他快好了，快可以出院了。)對這類憂鬱症而言， 藥物 和 時間 是神奇的魔法。(可能雖然調控機制壞了，時間到還是會自己調回來)這種憂鬱症需要 終身吃藥 ，因為調控血清素的機制已經徹底壞掉，不會好了。 很定期地就會作亂。如果不吃藥的話一年可能會發作1-2次，如果有規則吃藥的話，可能3-5年或更久才會發作一次。這一種憂鬱症因為幾乎單純是生理因素，在穩定期時，情緒通常還蠻平穩的，從外表或相處也看不太出來，家人相處也還算和諧。某個角度而言算好照顧的患者。很多人看到這裡可能會跳出來說：「我認識的憂鬱症才沒那麼天使 ！」沒錯！因為第一種憂鬱症只是典型憂鬱症的其中一種，還有另一種典型，精彩的才正要開始...2. 有爭議的憂鬱症—— 綜合許多因素的重度憂鬱症這種憂鬱症是最難處理的憂鬱症，因為治療難，連診斷也存在一些歧見。第一種憂鬱症，在精神科的聖經DSM-IV裡，(現在已經出到DSM-5了，我不管，我要講DSM-IV)被歸類在 Major depressive disorder(MDD)，但第二種憂鬱症，卻常常被爭論該分在 Major depressive disorder(MDD) 還是 Dysthymic disorder差別在哪呢？一派說法是MDD專指以 生理因素為主的重度憂鬱症，但另外一派說法認為無論原因，只要嚴重度有到長期、反覆發生，就該被歸在MDD。(其實MDD的定義沒規定要長期、反覆，一次就可以了，但臨床上不一定會這樣診斷，通常還是會把長期、反覆納入考量來評估 預後 和決定後續治療結論呢？現在還沒有定論，總之就是「 一憂各表 」。不只診斷有歧見，這類憂鬱症的症狀表現也很多樣，只要你想像得到一個人憂鬱傷心激動挫折不平憤怒時的表現都有可能出現在這類病人身上。 輕則哭泣不食躺床，爭吵摔東西，重則自殘傷人 都有可能。這類憂鬱症，也通常不一定有 [鬱期—穩定期] 間明顯的界線，患者有可能 每隔一段時間大發作 (週期不一定)，但平時心情也時有起伏。而在最鬱期的時候，又不會像第一種憂鬱症一樣能量全無，反而有可能是 激動的、易怒的、和家人有許多爭執的、很多激烈言行的 。(第一種比較像 電池沒電 ，根本懶得理人)如果拿來跟第一種比較，會顯得很不典型，但又的確嚴重，而且長期、反覆發生。吃藥的效果也是起起伏伏，有時候效果很好，有時又像沒什麼用。(用藥通常也比較複雜)成因也很複雜，生理因素佔一部份，但 環境、心理、社會 因素也佔很大一部份。一句話說，這類患者就是「 一生曲折，命運坎坷 」常常已經不是單一事件，而是 長年來，一連串或多次的打擊挫折造成的憂鬱，所以不易痊癒。而且所有原因會像一大堆線頭纏在一起...你很難分出誰是因，誰是果。目前有很多治療方法，但每個人適合的方法不同，如果患者本人有意願的話，都可以嘗試看看。例如： 個別心理治療、團體治療、家族治療、日間留院 。因為這類疾病治療不易，也比較沒有 喘息期 ，(像第一類憂鬱症穩定期時家人就很輕鬆)親友會比較疲累，但親友是最重要的支持力量，(甚至可能勝過醫師和藥物)所以「 留得青山在，不怕沒柴燒」務必好好保重自己。3. 其實不是憂鬱症— 適應障礙併憂鬱情緒第三種就是傳說中「 很快就會好的「憂鬱症」，也是最常見的一種「憂鬱症」。(加引號是因為它 不一定 是醫學定義上的憂鬱症)這一種患者通常是在 某一個重大急性壓力後，(常見： 失戀、失業、官司、欠債、車禍、生病、工作壓力、婚姻問題、人際衝突 )突然出現 憂鬱情緒，低落、沮喪、哭泣、胃口差、睡不好、感到自己沒用、無價值 ，甚至伴隨 自殺念頭。這種「憂鬱症」通常預後很好，服藥後 半年後就可以恢復一大半了，甚至有機會可以完全停藥。但 [急性期還是建議吃藥。(大概就像突然血清素被洗劫一空的感覺，要先趕快補充，再等身體自己慢慢補回來。)這種「憂鬱症」預後雖好，急性期還是有一定的自殺風險，所以如果覺得你身邊親友心情不太好，有所擔心的話，不要吝於問他們：「你有輕生的念頭嗎？」目前「 直接問 」還是最有效的自殺防治方式之一。(當然 收刀收槍陪伴 也是)這一種憂鬱情緒，如果沒有嚴重到使人無法工作或上課，通常會被歸類在 「適應障礙併憂鬱情緒」(Adjustment disorder with depressive mood)這算是一個 輕症 診斷，意思是嚴重度未到憂鬱症，通常也好得比較快。(有時候會被診斷為 焦慮症 ，意思近似)如果症狀很嚴重的話，(如： 無法工作、嚴重自殘、功能退化 )還是有可能被歸類到 MDD(較少見，這部分也是各精神科醫師有分歧看法，詳見第二種憂鬱症)但這類憂鬱，即使是被歸到MDD的人裡，還是有一大部分人預後很好，簡單說，憂鬱的壓力源越單一 越明確，預後通常越好 。很多人遇到的都是這一類「憂鬱症」，所以即使當下很痛苦，也不用太擔心預後，但即使如此，該求助還是不要害羞 盡快求助。會 好得比較快 。以上，就是三大類常見「憂鬱症」，當然還有很多憂鬱症不屬於這三類，但可能會「 比較像哪一類 」，還是可以參考這三類憂鬱症的處理方式。不管是哪一種憂鬱症，「 時間 」都是必要的，因為人恢復本來就需要時間。有很多人問是不是不要鼓勵憂鬱症的人比較好，其實不是全然不能鼓勵，只是不要「 揠苗助長 」了。如果現在還開心不起來就 接受 這事實，讓身體和心靈用自己的步調恢復。血清素量的恢復其實就像人餓了就要吃飯才有力氣，只是血清素的補充有時候比較緩慢，(因為也同時一直在消耗啊)所以遇到低落情緒，「給情緒一點時間」是必要的，這在無論是不是憂鬱症都適用喔--,0
116,這篇是勸世文，不想看的可以先迴避。我可以理解，此時生病的你，可能因為各種因素，失去工作、學業、社交，甚至跟家人也不太互動。孤獨的待在自己的世界裡，飽受病魔纏身的痛苦。你需要有人陪伴、有人理解、甚至希望有人能拉你一把。不可諱言的，交一個同類的伴侶的確是最快的方式了，寂寞的你突然擁有了另一個願意排解寂寞的人。你們一起討論你們的苦悶、別人的不理解、甚至是用藥、看病經驗。突然覺得自己不再是一個人，常說「戀愛是最好的特效藥。」果然是真理。難受的時候，你無法排解自己的情緒，更不必說此時需要他安慰的你，同時也對自己的低落無能為力。你們不一定會相約自我了斷，但此時的你們肯定幫不了對方。而你正在忙的時候，會因為認為對方「無理取鬧」、「怎麼又來了」而感到煩躁。也許你會想「我也是病人，能夠理解他的痛苦。」，很好，如果他一天痛苦16個小時，其中12個小時是你睡覺的時間（生病的人睡眠總是特別的長），其他時間你在憂鬱、在吃飯、在做生活瑣事，你也很忙，會不會覺得煩？你以為他會體諒？他幫不了你的時候，你也不會感到失落、忿恨再說吧！情緒勒索可是我們的通病，發作的時候總是會做出許多恐怖的事然後再說「對不起，我無法控制自己。」。然後你們就得吞下去，讓壓力加重你們的病情？更別再提要是不幸遇到恐怖情人會有什麼下場。你想讓他拉一把，他也需要你拉他一把。但你們兩個都不是醫生，不清楚對方的病況，甚至也不知道該怎麼讓自己好起來（也許你知道，只是做不到。），你還能妄想會一起變好嗎？朋友也好、情人也好，別以為你可以從此依賴這個人，沒有人得為了你的病負責，也沒有人有義務承擔你的情緒。「不必一起變好，至少在一起有個伴就好。」也許你會這麼想。如果某天你開始漸好了，會不會覺得，一直情緒低落的他很礙眼，是個拖油瓶？你漸漸的想遠離這個扶不起的阿斗，只怕自己的情緒又被影響。更別提外面的世界有多美麗，讓你急著想離開這個人。你說「交往需要兩情相悅，而分手不必經過對方的同意，看不順眼就分手啊！」沒錯，但你絕對猜不到分手的時候，對方可能會怎麼鬧你。相反地，如果換他的情況變好了，你會不會覺得有些吃味，認為對方背叛了你。你別以為你不會這麼自私，有時候你也會莫名的不希望自己好起來，對吧？你不希望他變好，對於這樣的變化卻無能為力。他開始不再贊同你的悲觀思想、開始沒有時間陪你、開始譴責你的不上進。然後你的情緒變得更糟糕，加速了對方想放棄你的念頭。他拋棄你，這時候又該找誰遏止你比以前更加嚴重的心傷？更不必提有些惡劣人士會利用你這個弱點來欺騙你的感情，甚至傷害你了。講難聽點，你確定你以為的真愛，不是被鬼遮眼的不理智嗎？這篇說的情況還不夠完備，有太多的可能性，你我都想像不到。如果你真的很寂寞，在板上回推文就好。真的想找人聊天，千萬不要有太深的交情，最好是一次性的聊天，僅止於普通朋友就好。真的想談戀愛，請找正常人。（好吧，我知道這真的很難，不建議。）「哎呀，他人很好啦！」請你觀察這個人半年以上再做出這個評斷。除了日久見人心之外，下面癢的人也不願意花這麼多時間攻略你（請原諒我使用這句粗俗的話）。不要在那邊認識個三、五天，覺得聊天都很愉快就以為他是個好人，少蠢了！人心隔肚皮，何況你們還隔了台電腦。我知道好人並不是沒有，只是在渴求同伴的蒙蔽下，你認不清、甚至你不想認清他是不是真正的好人。與其如此，還不如多保護自己一點，除了跟以前一樣寂寞以外，不會有壞處的。我也知道寂寞殺死一隻貓。人說了勸不聽，鬼牽著直直走（這是台語俗諺）。我不必這麼多事，但畢竟這個板曾經幫助我度過許多寂寞歲月，也給了我這篇的經驗。（嘆）希望大家看了過來人的血淚史能夠好好想想，你是否願意暫時先從深淵解脫上天堂，然後再重摔到比以前更深的地獄。別以為現實生活中認識的會好到哪裡去，莫再提。--◆ From: 1.34.54.113你誤會了，請看倒數第三段。:)我不會一竿子打翻一船人。事實上我當然遇過願意幫助我的人，還有一些善良的人。只是，我也真的花了很長一段時間才知道，誰是不能繼續當朋友的人。 ^^^^^^^^^^^^^^^^^^^^^^^^^^推。只有在這時候，才能不讓自己無心的行為傷害另一半。以及真實的認定對方是你真正想要的人，而不是害怕寂寞亂槍打鳥的對象。只是人幾乎都耐不住寂寞...。推，我想大家都懂這篇在說什麼，但往往得親自經歷過才能理解這篇到底想說什麼。 ^^^^^^^^^^^^^^^^^^^^^^^^^^^^^^不但得心智堅強不受對方負面情緒的影響，還要能夠拿捏如何和病人相處。體諒卻又不過度寵膩對方，能夠分辨心情低落和情緒勒索的差別。除了對另一半有大愛之外，還要有相處的智慧和堅強的心智，這真的非常難得。雖然我說想談戀愛請找正常人，但事實上我不贊同正常人和病人交往，太辛苦了；即使你願意辛苦，也不見得有能力處理上述的問題。正常人被病人牽著鼻子走的例子並不少，卻只會把病人不合理的行為推託給「生病」，以為容忍就是體諒，卻沒有能力改變他們的行為，不但無助於病人復原，反而讓他們更加驕縱。或者正常人完全否認有生病這件事（根本過太爽才會生病…等等），增加病人的痛苦。幫刪推文,0
117,版主群曾在版規3.0版發佈前，發文提醒大家對於版上發表言論應多加留意，這部分可以參見「AID: [公告] 懇請大家多加留意網路用語」。之前的提醒文與後來的版規3.0版比較重視的是：版友間或版友與其他網路使用者之用語問題，這邊請版友自行重溫並遵守。說回主題，誹謗罪是指當事人指出或敘述足以毀損他人名譽的事情，而這行為也可能同時損害他人感情名譽，所以可能同時構成公然侮辱罪。但事實陳述、意見表達也是憲法保障的言論自由範圍，所以刑法第310條第三項、第311條也有規定免除刑罰的規定。所以版友在，是否會涉及誹謗罪呢？簡單說明如下：，--補充資料：實務上對於上開所提到的條文內的名詞概念大致如下，供各位參考： (1)善意發表言論：　　即非出於惡意而發表言論，　　詳言之，表意人非以損害他人名譽為唯一之目的，　　即可推定表意人係出於善意。 (2)可受公評之事：　　係指依其事件之性質與影響，應受公眾評論、評斷或批評者而言，　　至於是否屬可受公評之事，其標準如何，　　則應就具體之事件，以客觀之態度，社會公眾之認知及地方習俗等資為認定，　　一般而言，凡涉及國家社會或多數人之利益者，皆屬之。 (3)適當之評論：　　即其評論中肯不偏激，未逾必要範圍之程度。另外關於「言論自由與名譽權保護之取捨」在法律實務上的見解為：按名譽固為人格權之一，而得為侵權行為之客體，法律並設有保障人格權之規定，分別在刑法第27章「妨害名譽及信用罪」章及民法第18條及第195條第1項規定各設有保護之規定，而言論自由則為人民之基本權利，憲法第11條有明文保障，國家應給予最大限度之維護，俾其實現自我、溝通意見、追求真理及監督各種政治或社會活動之功能得以發揮。申言之，……，蓋維護言論自由即所以促進政治民主及社會健全發展，與個人名譽可能遭受之損失權衡，顯然有較高之價值。從上面的實務見解可以知道，目前實務上對於言論自由與名譽權之取捨，還是以言論自由的保護較強，所以大家可以不必太擔心會有出現誹謗罪之問題。不過話說回來，發文上的言詞一定要請各位再多加留意。因為發文的行為即使不會有誹謗罪的問題，但是文章內容仍然可能因為讓受評論者在主觀上感到受辱，這樣就有可能造成公然侮辱罪之問題了喔~ Prozac板 板主 llocation 小雁-- --◆ From: 118.166.210.123,0
